ENSG00000158828,ENSG00000143799,ENSG00000135624,ENSG00000144029,ENSG00000270141,ENSG00000109610,ENSG00000164362,ENSG00000150753,ENSG00000146731,ENSG00000096717,ENSG00000151892,ENSG00000172890,ENSG00000139112,ENSG00000166226,ENSG00000177169,ENSG00000150907,ENSG00000129484,ENSG00000198258,ENSG00000156261,Age
0.222416813,0.024644483,0.154220665,0.085709282,0,0.000964273,0.000193135,0.22290718,0.085674256,0.011152364,5.31E-05,0.127565674,0.16966725,0.070367776,0.172784588,0.019425569,0.00669352,1,0.100770578,65
0.828389831,0.061172316,0.295974576,0.122245763,0.000673799,0.004713983,0.000449576,0.626200565,0.190607345,0.066080508,0,0.301271186,0.510875706,0.100423729,0.794491525,0.091101695,0.011553672,1,0.215748588,65
0.50979021,0.187587413,0.353846154,0.298339161,0,0.001899476,0.000304283,0.187587413,0.160227273,0.018566434,0.000125437,0.445541958,0.966783217,0.102185315,1,0.064536713,0.019938811,0.461713287,0.287587413,65
0.198752688,0.132645161,0.460215054,0.282709677,0,0.001527312,0.000611613,0.509677419,0.314494624,0.058408602,0,0.304989247,0.136473118,0.33255914,0.223569892,0.047225806,0.035165591,1,0.455053763,65
0.248278602,0.094266419,0.288003178,0.14340572,0,0.007985964,0.000118485,0.154396186,0.151350636,0.030084746,0.000683925,0.222722458,0.704051907,0.093644068,0.399364407,0.045789195,0.015625,1,0.200741525,55
0.359418615,0.104180153,0.674346656,0.211970797,0.005788433,0.004177688,0.001029922,0.251220335,0.164452069,0.007455083,0.000106172,0.165966146,0.485552886,0.100884123,0.204633346,0.01446526,0.016328739,1.000106172,0.276027906,65
0.26218775,0.262300665,0.719717795,0.277318309,0.001796472,0.004188003,0.000479435,0.25631619,0.248299252,0.015695132,0.000197714,0.275172932,1.000197714,0.132561765,0.639435499,0.083522945,0.022899085,0.839068549,0.412815855,55
0.21899146,0.117832452,0.420801139,0.193269622,0,0.004897316,0.000196218,0.252948353,0.160532737,0.014589264,0.000202216,0.180662871,0.700284669,0.103497357,0.39894266,0.032228548,0.017578284,1,0.242781619,65
0.65157824,0.014157152,0.08051041,0.063465413,0,0.006017461,0,0.045104097,0.035728677,0.004871726,0.000229281,0.049200806,0.167494963,0.034036266,0.054022834,0.006338482,0.002507723,1,0.040550705,55
0.235540406,0.21992407,0.757068461,0.284260496,0.002808782,0.005988901,0.000599754,0.352123192,0.278503322,0.019099427,0.000309088,0.266269326,0.553552339,0.136876826,0.456256088,0.045452894,0.032700752,1.000309088,0.355721426,45
0.350094805,0.024122108,0.132195677,0.050929086,0,0.000569587,0,0.18649981,0.049753508,0.014258627,3.14E-05,0.099658703,0.143458476,0.044975351,0.161926432,0.024452029,0.004497535,1,0.06935912,65
0.353432902,0.160387873,0.499108337,0.260254124,0.004365805,0.00349086,0,0.249331253,0.268947838,0.042041908,0.00028823,0.337940259,0.76359786,0.159050379,0.372492198,0.067309407,0.029937584,1,0.295809184,65
0.453283019,0.120679245,0.357886792,0.204528302,0,0.000336377,0.000741057,0.423924528,0.258188679,0.057011321,0.000138868,0.220830189,0.204981132,0.199018868,0.37245283,0.069086792,0.023116981,1,0.274188679,55
0.339417091,0.161714771,0.548953028,0.199207697,0,0.005083475,0,0.227645727,0.173457838,0.013667233,0.000111969,0.211233729,0.858941709,0.119086022,0.644170911,0.04688738,0.022028862,1,0.209960385,65
0.119794396,0.091433811,0.431402969,0.236323298,0.002811903,0.002980545,0.000272915,0.250682522,0.204249892,0.03746818,0.000225051,0.357772807,0.700515398,0.269872886,0.37293722,0.045493241,0.033044108,1.000225051,0.282711195,65
0.425156325,0.050986051,0.179413179,0.07955748,0,0.002068783,0.000584897,0.331794132,0.096440596,0.021625782,4.02E-05,0.174891775,0.441991342,0.046156806,0.486291486,0.064117364,0.007335257,1,0.102405002,25
0.334350342,0.043156234,0.254182009,0.122461862,0,0.000886902,0.000888164,0.10973172,0.073729616,0.001529721,0.000268595,0.11877959,0.534981589,0.044986849,0.403892688,0.013298264,0.010210416,1,0.15486586,65
0.225114242,0.049882574,0.520002882,0.188084846,0.000905843,0.002816682,0.000523859,0.45488011,0.231602037,0.005922867,9.97E-05,0.076874249,0.195062286,0.207487025,0.092787708,0.005397723,0.011855527,1.000099704,0.352605532,65
0.411649874,0.020573048,0.151070529,0.098110831,0,0.002423804,0,0.218828715,0.094206549,0.012871537,4.71E-05,0.09918136,0.123866499,0.070465995,0.162594458,0.01470403,0.007241814,1,0.12940806,35
0.21028949,0.078293068,0.386722517,0.185918674,0.003851902,0.003849713,0.001092309,0.208830159,0.193944991,0.032740074,0.000370889,0.311202177,0.761040727,0.217002409,0.297046673,0.052222133,0.024983734,1.000370889,0.289093323,65
0.207335757,0.054636465,0.392609082,0.13952998,0.003374956,0.001499223,5.00E-05,0.16832188,0.103923428,0.006864057,0.000165085,0.120363774,0.571408488,0.092764437,0.282296918,0.016159241,0.007613669,1.000050037,0.182803014,65
0.332721474,0.080297662,0.330080827,0.166360737,0.004421983,0.006260533,0.000442638,0.188256098,0.141494648,0.022929615,0.000364959,0.171201922,0.714735017,0.115088182,0.456611811,0.061086958,0.023941863,1.000364959,0.255592587,65
0.664085189,0.055905131,0.233059051,0.102178122,0,0.0035697,0.000672798,0.314327202,0.123765731,0.019370765,3.47E-05,0.158615682,0.355759923,0.092594385,0.423910939,0.038441433,0.006757018,1,0.141384318,55
0.146616392,0.013038301,0.085651915,0.043262552,0,0.00058722,3.14E-05,0.120460409,0.037467752,0.006469538,3.88E-05,0.110041675,0.105318516,0.047767414,0.130561619,0.011369319,0.002625521,1,0.053343917,35
0.258976744,0.075534884,0.182604651,0.099674419,0,0.000974884,0,0.285674419,0.133348837,0.045051163,0.000161023,0.43227907,1,0.072186047,0.904651163,0.078139535,0.005776744,0.241488372,0.205860465,25
0.29763099,0.285083309,0.737427205,0.245181684,0.003647611,0.004859717,0.00146055,0.340418582,0.284455925,0.056364182,5.02E-05,0.339414768,1.000050166,0.155967673,0.53591145,0.117483936,0.031268821,0.793264385,0.462883947,55
0.08854445,0.153879106,0.696293816,0.314611497,0.007666542,0.002554448,0.000122811,0.290624998,0.290213801,0.050851379,0.000270065,0.338597997,0.912857641,0.451631521,0.274679687,0.059532208,0.047333359,1.000122811,0.371996342,65
0.167114821,0.029218718,0.256000071,0.117634485,0.001814103,0.000345307,0.000276678,0.10249498,0.065411104,0.003912534,0.000156881,0.167431326,0.44257997,0.059661257,0.304900146,0.01715459,0.004852554,1.000156881,0.109299845,45
0.364299166,0.354623684,1.000375702,0.40896188,0.002731596,0.007734338,0.000546751,0.67546957,0.420278739,0.056981676,0.000375702,0.452155995,0.753305365,0.214501975,0.563942365,0.124312663,0.031583537,0.762635294,0.641259831,65
0.32676799,0.137593052,0.677109181,0.244882134,0,0.002394541,0.001395316,0.305366005,0.254187345,0.015617246,0.000287686,0.141129032,0.816222084,0.199906948,0.293734491,0.0492866,0.025062035,1,0.402295285,65
0.360749012,0.060927108,0.354549636,0.111953446,0.001578106,0.001183352,0.000105298,0.107577416,0.0789053,0.003659455,0.000173674,0.094905161,0.348714929,0.07519479,0.124443367,0.01480557,0.01148708,1.000105298,0.154802078,65
0.620743845,0.052032478,0.248035621,0.126034573,0,0.002338921,0.000285123,0.492299633,0.093556836,0.011430068,0.000100786,0.152488214,0.311733892,0.072551074,0.432477737,0.020974332,0.009088528,1,0.162388685,35
0.266610341,0.027026022,0.135991889,0.079486313,0,0.001360595,0.000102197,0.198850963,0.075025346,0.01556607,5.62E-05,0.160966543,0.115106455,0.071747212,0.195741805,0.01901318,0.007428185,1,0.101858736,35
0.249825581,0.042877986,0.203564717,0.128337955,0.000692222,0.001767554,0.000646553,0.259720501,0.122460203,0.011928875,6.35E-05,0.128295669,0.169270785,0.077171917,0.276000604,0.020212699,0.010254351,1.000063471,0.206693879,25
0.99182434,0.153492175,0.701471619,0.294090166,0,0.025344546,0,0.23943004,0.146998365,0.004615744,0.00302733,0.208572763,0.68582107,0.086989021,0.393833217,0.032095305,0.027003037,1,0.279373978,55
0.123432552,0.039265358,0.200886637,0.098606713,0,0.000956935,0,0.288568714,0.106839772,0.010335655,0.000137017,0.099683344,0.125712476,0.085972134,0.118936035,0.024445852,0.009765674,1,0.141640279,25
0.459884648,0.01711173,0.178518758,0.085613885,0.002605976,0.000867959,0.000231765,0.063818247,0.033549596,0.004749085,0.000191112,0.085680166,0.396696077,0.059399466,0.262033722,0.009056292,0.007347328,1.000191112,0.076444914,65
0.256831559,0.171701099,0.602153993,0.262832297,0.001488983,0.004712579,0.000397409,0.564069313,0.381966936,0.0585912,0.000122895,0.306997724,0.578551092,0.201944815,0.665521779,0.129455908,0.041149056,1.000122895,0.514063168,65
0.161489699,0.078557845,0.288748019,0.104833597,0.001196513,0.001395404,0,0.174564184,0.164896989,0.014865293,0,0.118066561,0.359746434,0.119572108,0.192551506,0.031077655,0.022543582,1,0.231458003,55
0.578326764,0.057063869,0.212512136,0.119566763,0.001698261,0.001697114,0.000226626,0.289966614,0.129377664,0.022106082,2.34E-05,0.217044658,0.312227604,0.104477484,0.423704678,0.032135002,0.01484831,1.000023363,0.177571561,45
0.110484625,0.097003742,0.415074421,0.205778834,0.001792567,0.002687385,0.00089726,0.254183018,0.181747696,0.036921011,0.000320562,0.24192323,0.727283846,0.183896822,0.404279946,0.049283371,0.015874228,1.000320562,0.256576363,65
0.308204213,0.354978559,1.000285785,0.474670239,0.006232607,0.003979544,0.000831958,0.495748487,0.500887707,0.099805134,0.000285785,0.224561552,0.482341828,0.673535693,0.412180308,0.245416356,0.120064087,0.90197028,0.627580642,55
0.227955546,0.04840004,0.27196213,0.133316182,0.000623006,0.002801368,0.000207825,0.384607462,0.172893298,0.030358061,5.14E-05,0.113293546,0.133064099,0.132379872,0.18726206,0.034243749,0.011873135,1.000051425,0.261410634,45
0.420601814,0.30062245,0.968372766,0.326236022,0.006956107,0.017375289,0.002475979,0.352898103,0.266770595,0.025493742,0.000127604,0.366528717,0.794170519,0.163118011,0.451158356,0.071358513,0.034795513,1.000127604,0.467335349,65
0.457086871,0.033514043,0.193141737,0.110124102,0,0.002708034,9.86E-05,0.27844546,0.108099282,0.016205095,8.13E-05,0.156433703,0.198497714,0.076355323,0.300522534,0.024421946,0.006583932,1,0.133180927,65
0.463815789,0.0347901,0.126456767,0.062406015,0,0.002720865,0,0.093859649,0.060588972,0.0060401,0.000299499,0.044188596,0.207080201,0.063800125,0.070880326,0.010305451,0.009826128,1,0.118123434,65
0.106503333,0.132547384,0.414823303,0.236723587,0.007674578,0.005966365,0.000170772,0.234594511,0.27806728,0.071942977,0.000422399,0.383778399,1.000170772,0.33173981,0.488449736,0.09263958,0.038679872,0.738739996,0.293069841,35
0.147416227,0.083890857,0.310962916,0.176750001,0.000532554,0.000532243,0.000213184,0.282314219,0.173636012,0.026904863,0.000234421,0.257402309,0.643350074,0.112041315,0.326906538,0.052750969,0.021206263,1.000213184,0.26549868,55
0.382799325,0.024047218,0.15227656,0.063532884,0,0.000599073,0.000159992,0.207082631,0.063153457,0.029220067,0,0.122259696,0.250337268,0.037466273,0.298524452,0.036753794,0.005206577,1,0.076686341,65
0.132829918,0.085318965,0.488325605,0.19790654,0.005686258,0.007576659,0.000531152,0.188370891,0.153657783,0.01575055,0.000406687,0.246170308,0.406687066,0.142532859,0.349807756,0.03922163,0.017314731,1.000406687,0.332493025,25
0.190948651,0.052506527,0.251436031,0.13716275,0,0.003087903,0.000247433,0.163968668,0.118624891,0.023289817,0.000169974,0.189469104,0.566318538,0.122367276,0.252741514,0.047006092,0.01310705,1,0.208790252,65
0.282329669,0.070983454,0.266001756,0.137899252,0.001281025,0.002666892,0.000683481,0.158695857,0.125180667,0.017811748,0.000299517,0.121456757,0.290293107,0.163049967,0.136180524,0.026113203,0.019794014,1.000299517,0.195362048,45
0.539708487,0.227625664,0.953684784,0.386187168,0,0.000900014,0.000721155,0.81405803,0.598147391,0.083026836,0.000445988,0.398310857,1,0.221904373,0.691186487,0.151614221,0.057907642,0.991554284,0.748808064,65
0.465334626,0.081390857,0.364312846,0.165075446,0.00331615,0.00331371,0.000885039,0.18508459,0.129815428,0.010937926,9.12E-05,0.192893037,0.492542183,0.094958033,0.196553247,0.026158297,0.017764216,1.000091225,0.187280716,65
0.284801703,0.018602608,0.10899654,0.05855736,0.001371573,0.002113122,0,0.226909768,0.049321267,0.011413362,3.77E-05,0.121879159,0.155762577,0.034176204,0.223848816,0.019598084,0.002861326,1,0.070774554,65
0.42928744,0.030996377,0.164311594,0.079649758,0,0.002516908,0.000612319,0.208091787,0.075543478,0.012669082,4.45E-05,0.171316425,0.180374396,0.06884058,0.258514493,0.018816425,0.007487923,1,0.117693237,25
0.221053466,0.136056337,0.533501695,0.240307296,0.003780087,0.003620451,0.001071756,0.322745372,0.217397675,0.02437803,0.000468002,0.308670578,0.653777202,0.16938496,0.341877342,0.05578127,0.027186895,1.000468002,0.340475956,35
0.24074222,0.018145045,0.139709419,0.061613293,0.001029829,0.00051445,0.000274822,0.053905828,0.016338898,0.001897151,0.00011329,0.078096126,0.272036387,0.020378353,0.223470068,0.01004292,0.004239106,1.00011329,0.035263976,65
0.093391781,0.120627348,0.546044236,0.229347465,0.004305708,0.0007171,0.000287284,0.175098481,0.172032814,0.025849352,0.00011845,0.312387065,1.00011845,0.21184206,0.408622363,0.051538756,0.031811853,0.670003831,0.250851567,55
0.230299296,0.2476294,0.713631293,0.261467126,0.006067513,0.003234074,0.000269902,0.348578905,0.307988242,0.059871227,0.000600953,0.260412823,0.892862791,0.26924261,0.230958235,0.124671321,0.040248014,1.000269902,0.396286113,65
0.096486456,0.036464956,0.194932691,0.111838058,0.003406096,0.002411182,0.000909337,0.114189793,0.104456224,0.017108871,0.000140581,0.200028116,0.344529159,0.13450617,0.155018524,0.016128982,0.019591258,1.000140581,0.132546391,25
0.256380056,0.063054174,0.404170317,0.176897733,0.004851846,0.005926029,0.00028774,0.219072027,0.140220516,0.021402553,0.000504289,0.213034254,0.675509631,0.098586918,0.325859502,0.021726971,0.017266228,1.00028774,0.203211609,75
0.321244189,0.081087091,0.370305286,0.14907608,0.002723345,0.002116895,0.000605768,0.206162604,0.122728454,0.015922143,0.000149833,0.291338119,0.483494083,0.118412895,0.47372729,0.03769679,0.020071137,1.000149833,0.170199608,55
0.181343817,0.1845604,0.546819157,0.297426733,0,0.004091494,0.000603788,0.508148678,0.313295211,0.049256612,0.000497927,0.327662616,0.689063617,0.151036455,0.258827734,0.073338099,0.016626162,1,0.38263045,55
0.394999548,0.088596991,0.359427356,0.141424166,0.000884735,0.004420586,0.001180552,0.170203057,0.178231503,0.016723871,9.74E-05,0.119772064,0.961807842,0.227143267,0.253081324,0.03385534,0.022158511,1.000097354,0.278401808,55
0.219305629,0.030931089,0.170857443,0.092661757,0.000988427,0.001481852,6.60E-05,0.29905313,0.10189374,0.018127301,0,0.120147291,0.128616518,0.092056812,0.183824303,0.021559705,0.006970016,1,0.125644398,45
0.313728014,0.023607894,0.097297297,0.053410553,0,0.002146718,3.31E-05,0.132518233,0.037335907,0.007777778,0.000190948,0.087258687,0.133762334,0.041720292,0.142256542,0.012852853,0.004138138,1,0.063406263,45
0.337987187,0.021070081,0.154634189,0.084929744,0.000535772,0.001696069,0.000107263,0.232384231,0.053974043,0.006530282,0.000147454,0.128188352,0.153660059,0.041887609,0.19417667,0.013995007,0.002841214,1.000107263,0.074755492,55
0.336441386,0.065357305,0.249634638,0.142648364,0.002084058,0.008331012,0.000278164,0.175527073,0.131688795,0.031956713,0.000286688,0.288428034,1.000278164,0.081083418,0.463781145,0.040741765,0.021153709,0.926344561,0.130488461,65
0.438062622,0.052103718,0.253033268,0.13683953,0,0.00078865,0.000263307,0.378277886,0.15518591,0.036824853,0,0.268639922,0.26369863,0.120205479,0.279990215,0.039456947,0.009437378,1,0.190068493,45
0.624148783,0.029734624,0.16676439,0.094770417,0.001113077,0.001112381,0.000148557,0.107063203,0.053589586,0.010187936,0.000122464,0.095732965,0.482781751,0.073223252,0.328194176,0.013684421,0.01104959,1.000122464,0.098272701,55
0.303145719,0.31675552,0.825157203,0.27905133,0.0042886,0.010001692,0.000572418,0.432085983,0.400430594,0.052170904,0.000629378,0.301028639,1.000572418,0.254251248,0.58945561,0.11341501,0.030959777,0.927986812,0.487734948,45
0.356467036,0.060996477,0.35551082,0.193608455,0,0.00127378,0,0.461147458,0.214443885,0.015616507,7.65E-05,0.234776044,0.271917464,0.107549069,0.452289884,0.035007549,0.009567187,1,0.27443382,55
0.239520958,0.011377246,0.095372891,0.056940664,0.000361568,0.000722918,0,0.172727273,0.050881873,0.006831791,3.98E-05,0.068209036,0.112955906,0.051671203,0.117909635,0.009254219,0.002120849,1,0.084431138,65
0.492315232,0.166327003,0.682131163,0.232191227,0.009328913,0.006215043,0.002667898,0.308688951,0.280121336,0.032789274,0.000660071,0.321385669,1.000660071,0.221557725,0.486601709,0.087718449,0.034884232,0.997962018,0.357095188,55
0.933972737,0.178747528,0.506038082,0.29291603,0.002771376,0.016387068,0.001479795,0.393672833,0.217292076,0.021007906,0.001143939,0.188778127,0.313766152,0.106098942,0.327177852,0.045870267,0.022664646,1.001143939,0.339124408,35
0.114391113,0.02191813,0.182759278,0.082342468,0.000742107,0.000783108,0.000165095,0.180606757,0.053300518,0.004322125,6.81E-05,0.056170546,0.04383626,0.0548722,0.071750698,0.00615006,0.003990705,1.000068061,0.091396722,55
0.45418251,0.042959442,0.29347275,0.110773131,0,0.001308619,0.000262104,0.262674271,0.048231939,0.001712294,3.60E-05,0.137452471,0.087198986,0.032154626,0.229974651,0.00545564,0.005686946,1,0.091001267,65
0.132824248,0.015199718,0.101738722,0.048848684,0,0.000149436,0.000269267,0.127490602,0.04631109,0.009304511,1.23E-05,0.081766917,0.10037594,0.064215226,0.121052632,0.016099624,0.004452538,1,0.053547932,55
0.569361922,0.150142082,0.489279256,0.157375355,0,0.009496254,0.001358822,0.255670369,0.182614312,0.019364505,0.000448205,0.227718936,1,0.120098166,0.79643503,0.069206923,0.018375097,0.964091966,0.263239473,55
0.23313253,0.090587349,0.319653614,0.131325301,0,0.009804217,0.000327334,0.201054217,0.133885542,0.017929217,0.00013494,0.145180723,0.521912651,0.083283133,0.280798193,0.031513554,0.019088855,1,0.177183735,55
0.299673371,0.298094362,0.935562894,0.279146252,0.006653268,0.008588682,0.001554196,0.404451903,0.311741512,0.031636575,0.000640627,0.410880726,0.653709769,0.131621687,0.590211046,0.063949869,0.039960209,1.000640627,0.427573108,65
0.159870556,0.103970444,0.436660807,0.172631591,0.000671178,0.002906429,0.000179106,0.769802888,0.408804859,0.032429594,0.000757004,0.106153748,0.205305865,0.141575974,0.205757584,0.040842843,0.018546791,1.000179106,0.394500453,55
0.408476934,0.205645714,0.679512731,0.236698967,0.001519827,0.003291082,0.0012168,0.33032781,0.182191595,0.023219578,8.36E-05,0.365790438,0.949422731,0.115112815,0.649772909,0.069752549,0.018519372,1.000083628,0.264468644,65
0.474728673,0.064501178,0.275205028,0.150158743,0.001946763,0.012972164,0.000779487,0.166061216,0.083140064,0.013539775,0.000589189,0.301787332,0.986203472,0.036871219,1.000589189,0.056010478,0.027457956,0.59434904,0.189828923,65
0.425423729,0.032118644,0.18779661,0.084011299,0,0.000314689,0.000126045,0.262711864,0.114632768,0.037621469,0.000155932,0.137853107,0.163050847,0.076101695,0.33180791,0.044062147,0.006502825,1,0.140112994,65
0.161800746,0.006843367,0.06494406,0.040969632,0.000228689,0.000152371,0,0.083324454,0.017514651,0.00566862,3.77E-05,0.083137986,0.03963772,0.017093767,0.072935535,0.007314864,0.000722429,1,0.037932872,45
0.457285336,0.201047396,0.655353851,0.277631722,0.002324611,0.0037431,0.00248222,0.459776764,0.239935336,0.016584244,0.000362449,0.259595951,0.164434239,0.12885015,0.435295777,0.052449973,0.030855792,1.000362449,0.39722026,35
0.351633723,0.048043566,0.227833804,0.110367084,0,0.001225091,0.00075837,0.270149254,0.107987092,0.020746269,7.36E-05,0.105365067,0.151189996,0.112303348,0.284388866,0.030875353,0.00882614,1,0.133642598,35
0.318897075,0.026416673,0.149136147,0.074951509,0.000730142,0.001945833,0.000292258,0.232200339,0.078220799,0.018094109,0.00016068,0.10558597,0.253753438,0.050855628,0.314174767,0.038537265,0.00436309,1.00016068,0.097271479,55
0.266807229,0.105180723,0.533614458,0.247048193,0,0.00551506,0.003935542,0.377228916,0.214939759,0.042560241,0.000227711,0.17060241,0.405722892,0.22753012,0.269939759,0.041277108,0.04026506,1,0.341445783,35
0.321443384,0.029162173,0.182040647,0.097055164,0,0.004011613,0.000194774,0.261634177,0.125010369,0.027980091,0.000240937,0.111406056,0.176068022,0.07548735,0.23297387,0.035943592,0.008233098,1,0.15072584,55
0.365056729,0.209012872,0.578773413,0.254312629,0.002865235,0.000954669,0.003441963,0.374771124,0.237542516,0.036618155,0.000275889,0.237747029,0.768050726,0.135183472,0.55914011,0.054963023,0.048970775,1.000275889,0.463836785,65
0.148117961,0.060164429,0.269126258,0.156135355,0.001018481,0.003563664,0.000135956,0.175431456,0.114689504,0.01568148,0.000392445,0.241201267,0.754178608,0.06343933,0.338836821,0.034434029,0.008275581,1.000135956,0.221089837,65
0.373584892,0.178144017,0.783670241,0.217640779,0.005111426,0.008726061,8.53E-05,0.251008734,0.214644473,0.018073174,0.000210967,0.258363303,1.000085259,0.157033679,0.561398806,0.046102255,0.026953135,0.962767628,0.263130154,65
0.122535035,0.070882493,0.324673123,0.193193924,0.00265418,0.005746625,0.000442736,0.18510691,0.150261941,0.028632502,0.000255579,0.175231063,0.652551237,0.203181573,0.253306154,0.043714597,0.015570297,1.000255579,0.188647308,65
0.507281104,0.105380219,0.402919455,0.203379982,0.002765166,0.005526993,0.000369023,0.265329056,0.221246696,0.024980004,0.00045652,0.337964764,0.575742345,0.142399383,0.598785397,0.065906469,0.035867012,1.000369023,0.326443238,65
0.231934748,0.188862385,0.591187602,0.207938521,0.002338337,0.002531688,0.001170463,0.246781334,0.142682597,0.013482772,0.000418208,0.216224988,0.329646,0.082225918,0.257139417,0.037772477,0.023348846,1.000418208,0.246781334,65
0.445286601,0.012202482,0.094031912,0.048749263,0.001772307,0.001918771,0.000118212,0.161197563,0.045239316,0.007741816,0.00024379,0.074731537,0.126704751,0.030852867,0.115698251,0.016743747,0.004297735,1.000118212,0.056367148,65
0.225141877,0.045953714,0.404372749,0.168625074,0.000699129,0.001281237,0.00013994,0.36486793,0.202862583,0.019282622,7.69E-05,0.122714068,0.297247069,0.094099767,0.208556972,0.020962467,0.008598526,1.000076945,0.365437369,55
0.607067511,0.0657173,0.302267932,0.173312236,0,0.001151371,0.000461287,0.515822785,0.193934599,0.05228903,0.000118882,0.251054852,0.34778481,0.118512658,0.523470464,0.047589662,0.013939873,1,0.321255274,25
0.849166844,0.04061415,0.269294026,0.152166842,0.002407929,0.004811666,0.001606334,0.230733637,0.09931396,0.003147701,0.000264893,0.170923119,0.566670076,0.047508915,0.321895428,0.019276004,0.010319096,1.000264893,0.179096245,65
0.360311937,0.051933798,0.29734645,0.153425337,0.000394043,0.002362903,0.000578315,0.410972848,0.148461077,0.017892551,6.50E-05,0.152788894,0.172348927,0.104843476,0.300019513,0.036939187,0.01493521,1.000065045,0.166239068,45
0.510012348,0.063288253,0.292069392,0.140896386,0.003962395,0.002090141,0.001057425,0.293473302,0.151678413,0.026769752,0.000145333,0.112537409,0.393656304,0.183799869,0.311780286,0.028684685,0.021530361,1.000145333,0.215415918,25
0.189608482,0.237539644,0.689975954,0.28208494,0.001870691,0.008412818,0.000499204,0.303140793,0.257431605,0.023235504,0.000205903,0.285788231,0.406938739,0.147708393,0.245475267,0.046407522,0.026801244,1.000205903,0.43000495,45
0.219626864,0.111499817,0.472683834,0.19175191,0.003444194,0.00592814,0.000919179,0.189371131,0.148997087,0.01474099,0.001010839,0.218535674,0.529624133,0.153262649,0.217940479,0.036981434,0.024214507,1.000919179,0.23143156,65
0.314279525,0.225945918,0.735908921,0.235454049,0.004817453,0.004585373,9.18E-05,0.336976355,0.23995252,0.01300467,0.000227173,0.225741442,0.58020049,0.149062963,0.305793774,0.047152153,0.021582436,1.00009184,0.389117721,55
0.29681575,0.230684091,0.674520726,0.2822801,0.002694088,0.008300855,0.000629027,0.293819852,0.306580156,0.051396282,0.000518734,0.304915768,1.000518734,0.231238887,0.387469382,0.1018827,0.032211444,0.88767327,0.423974945,65
0.29988137,0.186621764,0.45000275,0.275523688,0.001699255,0.001698533,0.000340212,0.342091715,0.222833035,0.025355118,0.000327347,0.291713958,0.805899561,0.09229899,1.000327347,0.081023624,0.027031967,0.468722749,0.370352408,45
0.376581532,0.05021611,0.263654224,0.138467583,0,0.002269548,0,0.44086444,0.180275049,0.023383104,7.03E-05,0.179410609,0.236188605,0.108172888,0.293202358,0.032027505,0.008644401,1,0.20762279,65
0.309840728,0.018617747,0.108930603,0.047593857,0.00052372,0.000523436,0,0.171729238,0.038430034,0.007844141,0,0.09516496,0.179351536,0.028629124,0.238737201,0.015944255,0.002835609,1,0.050870307,65
0.245551264,0.053065568,0.408305859,0.139098404,0.002505664,0.002086476,0.000278575,0.215649838,0.109670102,0.010030225,0.000183761,0.17874618,0.443600896,0.100586125,0.259934228,0.018234192,0.009604414,1.000183761,0.215744463,75
0.39888164,0.027707363,0.131500466,0.052926375,0.000626468,0.000417335,0,0.190121156,0.060251631,0.016011184,6.89E-05,0.075945946,0.162348555,0.056486486,0.245666356,0.020941286,0.006783784,1,0.071808015,65
0.150767904,0.027461072,0.157767167,0.069046782,0.000680379,0.003852117,0.000408479,0.129013439,0.087774539,0.007926192,7.48E-05,0.068479274,0.272908193,0.095026027,0.162559455,0.019818633,0.011047485,1.000074848,0.136012702,55
0.552527028,0.017904673,0.125246633,0.072361135,0.002614685,0.001524157,0.000567053,0.116584817,0.062946117,0.009054557,0.000143861,0.041372277,0.298698156,0.132025446,0.257110679,0.013234825,0.008113055,1.000143861,0.090491768,45
0.243049948,0.134156189,0.50501788,0.185603876,0,0.005197831,0.000616911,0.218941054,0.191602261,0.019229438,0.00038159,0.231629946,0.582535471,0.156996193,0.28007844,0.052716576,0.024766409,1,0.30891683,55
0.178258268,0.160335936,0.562761214,0.2407107,0.00046343,0.005866806,0.000494725,0.301508764,0.269524295,0.052553791,0.00020397,0.23629905,1.00020397,0.177775744,0.276141771,0.113531078,0.039622139,0.597227236,0.417176735,55
0.378506092,0.068853713,0.311924362,0.156056847,0.001940652,0.009700106,0.00077705,0.14632203,0.130749478,0.013499367,0.002136295,0.195169669,1.00077705,0.079472079,0.338588609,0.055568923,0.026048919,0.741076746,0.176236476,65
0.548364069,0.047013682,0.215823914,0.098631767,0,0.005996431,0.000588221,0.298215348,0.071088638,0.017769185,0.000141463,0.22379536,0.411124331,0.064961333,0.650208209,0.027733492,0.013093397,1,0.107971446,65
0.528427608,0.379784876,0.971659744,0.340422411,0.012480957,0.004752254,0.000237972,0.708883839,0.553051616,0.05341792,0.000686776,0.345275318,0.663050832,0.27176277,0.467496669,0.10273783,0.079246167,1.000237972,0.759749489,65
0.299993208,0.073724865,0.374634276,0.217871223,0.002674638,0.003341196,0.000713881,0.31361016,0.213416295,0.027578529,0.000257545,0.376315381,0.996895335,0.199799343,0.659749704,0.058645352,0.036051299,1.000257545,0.295790446,65
0.186280753,0.041157742,0.24633864,0.118465991,0,0.000990738,8.50E-05,0.358031838,0.133806078,0.008283647,2.34E-05,0.077510854,0.072445731,0.096266281,0.089290883,0.01087699,0.007331404,1,0.19878437,45
0.097351157,0.102321551,0.249582316,0.127721976,0.002324773,0.008130878,0.001512371,0.248931023,0.16110931,0.024906814,0.000591648,0.091078178,0.190588885,0.177734419,0.115141738,0.033006841,0.025702077,1.000591648,0.261202753,45
0.260538093,0.019510126,0.124690013,0.072280083,0.001880656,0.001025113,0.000753032,0.261609926,0.060792222,0.007846374,0.000103501,0.094816078,0.184822645,0.056944613,0.253227635,0.016808555,0.005631251,1.000103501,0.086131475,25
0.381044426,0.119538801,0.534512174,0.254558676,0.022330351,0.008790515,0.000902981,0.225379048,0.211216551,0.018179274,0.000409492,0.273116431,0.834976875,0.17617658,0.336481396,0.058139492,0.033892321,1.000409492,0.309255216,55
0.220280853,0.021976776,0.136672968,0.08447205,0.000455847,0.00136646,0,0.264650284,0.089846071,0.017337294,0.000125385,0.110288955,0.157034837,0.068431002,0.166783689,0.027950311,0.005654874,1,0.118174453,65
0.656622537,0.108633077,0.385582837,0.187247165,0.001664419,0.001108736,0.000999337,0.243947161,0.16278386,0.01394637,0.000366264,0.146894143,0.39529957,0.158554223,0.320423567,0.027035381,0.03679784,1.000366264,0.231829823,65
0.245469969,0.022341364,0.113708856,0.068069223,0,0.001794367,0.0002396,0.185714286,0.068069223,0.020417374,0.000131727,0.084933831,0.193620631,0.053817441,0.208109942,0.028191381,0.00459111,1,0.085544622,55
0.512789905,0.046759891,0.249488404,0.110385402,0.006400068,0.015279673,0,0.111101637,0.098141201,0.006212483,0.00076296,0.125648022,0.40978854,0.076449523,0.299113233,0.017087312,0.011069236,1,0.11568895,55
0.282476113,0.14189876,0.519414515,0.242325676,0,0.001498272,0.000700244,0.363793454,0.241105916,0.020847733,0.00024751,0.234498882,0.313986583,0.136003253,0.244155316,0.032384631,0.011669038,1,0.405265298,65
0.264340632,0.270160415,0.675911544,0.291295413,0.001687737,0.003092653,0.00123849,0.343979757,0.2549473,0.028894708,0.000185723,0.364604248,1.000185723,0.138449555,0.397378811,0.08147695,0.033131918,0.930042032,0.370934538,65
1.00041372,0.163793774,0.614808506,0.180737316,0.00310011,0.056286073,0.00041372,0.308149024,0.220638425,0.017323375,0.000852949,0.144020103,0.327513072,0.184610125,0.302563241,0.04734882,0.030423898,0.743840092,0.280406302,65
0.435730679,0.081186519,0.208268448,0.111557234,0.008884282,0.0172638,0.000197558,0.162139744,0.135416909,0.019713393,0.001059264,0.22035735,0.571465717,0.090528907,0.698717314,0.07603283,0.034410953,1.000197558,0.240929692,75
0.578388712,0.178229919,0.519579707,0.224418598,0.003313909,0.001931683,0.001105781,0.412006446,0.166811529,0.037818054,0.000182351,0.264168334,0.779112003,0.063522311,0.842127784,0.097528511,0.020372813,1.000182351,0.277818892,65
0.197525938,0.079329609,0.262809258,0.128651237,0,0.010255387,0.000348125,0.18499601,0.145331205,0.016121309,0.000344453,0.131284916,0.401356744,0.09584996,0.282122905,0.035794094,0.026009577,1,0.230646449,65
0.44784689,0.082497608,0.267368421,0.186889952,0,0.01354067,0.000558373,0.21062201,0.161818182,0.021741627,0.000986603,0.232631579,0.3815311,0.103444976,0.257990431,0.036889952,0.013751196,1,0.239138756,55
0.278429512,0.237269769,0.594995346,0.242698183,0.006670764,0.009778016,0.001602413,0.427401669,0.25809014,0.030612129,0.000477219,0.271901673,0.481410948,0.179000217,0.44100706,0.078265354,0.038527993,1.000477219,0.468492698,35
0.258561877,0.286532951,0.568426798,0.263200982,0,0.002116251,0,0.502387775,0.407013235,0.029458316,0.000524355,0.375221722,1,0.190203302,0.590121435,0.095824806,0.033688088,0.948014736,0.60308364,55
0.34191358,0.216728395,0.630864198,0.392777778,0,0.002903086,6.46E-05,0.662962963,0.428333333,0.133580247,0.000559506,0.287098765,0.265740741,0.385740741,0.379753086,0.091296296,0.045006173,1,0.598765432,45
0.624490477,0.061417334,0.277349026,0.109118939,0.000943715,0.004244593,0.000629952,0.433684057,0.089759127,0.019687533,0.000155789,0.368928825,0.516646009,0.052769142,0.789564734,0.047270713,0.011391337,1.000155789,0.141951723,35
0.385144429,0.065474553,0.232920679,0.166437414,0.015298793,0.007643283,0,0.158489989,0.130796271,0.028381476,0.00084151,0.24438331,0.732538591,0.091548219,0.362219166,0.044780682,0.013035305,1,0.182332263,55
0.092059701,0.009710448,0.133970149,0.088686567,0.000489254,0.003749254,0,0.094955224,0.031283582,0.006137313,0.000471045,0.13080597,0.245164179,0.032298507,0.241731343,0.00838209,0.004361194,1,0.062179104,65
0.108889382,0.104582449,0.420863287,0.234854483,0.002686006,0.002982424,0.000716978,0.207999493,0.219501536,0.040069671,0.00022168,0.375665833,0.742312443,0.231104918,0.391221459,0.057966241,0.03292523,1.00022168,0.266067074,55
0.400761542,0.029424084,0.151499286,0.103664921,0,0.000456545,0.000137173,0.240171347,0.084578772,0.025416468,0,0.177248929,0.174297953,0.061922894,0.245692527,0.03145169,0.005721085,1,0.136411233,25
0.261346937,0.352687254,0.666041357,0.395866313,0.000810176,0.004317906,0.00086498,0.371042724,0.4930629,0.05941928,0.001203594,0.437297232,0.985076915,0.307060799,0.608003107,0.156021499,0.072014629,1.000810176,0.684746455,55
0.164324034,0.023943133,0.158476395,0.083744635,0,0.001724785,0.000460676,0.11861588,0.049254292,0.007183476,0.000170976,0.091738197,0.305418455,0.046121245,0.189377682,0.016775751,0.014409871,1,0.110300429,55
0.211838349,0.039494994,0.211666333,0.09650127,0.002068499,0.004824203,0.000276087,0.147934211,0.096157237,0.013159264,0.000341539,0.073201632,0.422214558,0.066991835,0.167716111,0.021278444,0.014587001,1.000276087,0.218460985,45
0.694840568,0.050437163,0.232273155,0.158856039,0.006918722,0.00288177,0.001846312,0.133056156,0.089792498,0.019326413,0.00033295,0.141268582,0.465535759,0.079625909,0.349522863,0.038390622,0.02224034,1.00033295,0.138374444,65
0.133445542,0.225212346,0.583922792,0.268888299,0.004193627,0.001257195,0.001063255,0.289701389,0.26047897,0.037889284,0.000184585,0.33842294,0.684309159,0.152419091,0.348829484,0.081780726,0.035760672,1.000184585,0.343468537,65
0.607692308,0.052934911,0.213846154,0.136094675,0,0.004230178,0.000412189,0.337455621,0.167633136,0.038467456,3.78E-05,0.173727811,0.391005917,0.100118343,0.392544379,0.054988166,0.011538462,1,0.177514793,55
0.363760598,0.034758494,0.208673624,0.126185447,0.000405925,0.002027707,5.42E-05,0.322631502,0.116142741,0.019272795,7.82E-05,0.146462513,0.180538716,0.078271775,0.254325771,0.023876341,0.006316939,1.000054162,0.166202945,55
0.197977586,0.068024451,0.223817168,0.092407522,0.001029807,0.035339269,0.000137451,0.146244478,0.160054359,0.025710114,0.000878222,0.116251144,0.651114296,0.126500665,1.000137451,0.096237606,0.024048613,0.578288753,0.26335874,45
0.186708159,0.108382477,0.513635721,0.288928651,0.00835976,0.003580114,0.001194741,0.335759741,0.298171629,0.050172255,0.000295638,0.33459581,0.812697415,0.317821516,0.423123001,0.074217691,0.037574418,1.000295638,0.346645915,55
0.239386469,0.01898384,0.134045467,0.087263763,0.000398247,0,0.000132895,0.251081895,0.074609696,0.023675705,1.10E-05,0.133114215,0.214790468,0.05168447,0.258833196,0.03481238,0.004672692,1,0.103095042,35
0.195597943,0.184868942,0.5344243,0.222908128,0.001117917,0.005212944,0.0006712,0.242940599,0.28375582,0.053014771,0.000122971,0.342727812,1.000122971,0.192146656,0.578765836,0.092134359,0.046142208,0.756282036,0.405826343,75
0.278994325,0.032259943,0.116280274,0.065233582,0.000547457,0.001367773,0.00014609,0.241264162,0.068366883,0.025993341,4.52E-05,0.205927491,0.5874939,0.04952356,0.537883304,0.065364136,0.004691248,1.000045172,0.087601868,45
0.198662946,0.018637385,0.151132088,0.075728598,0.000305602,0.001221974,8.16E-05,0.205555245,0.051410485,0.007611873,3.36E-05,0.081710594,0.079564878,0.046512184,0.116258787,0.009987332,0.003723576,1.000033638,0.092439174,45
0.334679889,0.056016094,0.221460757,0.138336396,0.000697617,0.002672538,0.000372356,0.282186338,0.153230628,0.043610616,9.60E-05,0.258945211,0.386331093,0.193931317,0.350148448,0.040317804,0.022976936,1.000095951,0.171034786,35
0.31862135,0.057348013,0.322259454,0.164719962,0,0.00084203,7.50E-05,0.322881762,0.125035902,0.007912877,7.73E-05,0.093633317,0.059071326,0.098228818,0.112924844,0.008812829,0.009631403,1,0.250741982,65
0.143019197,0.069808028,0.440663176,0.147382199,0.000689354,0.002984729,0,0.15056719,0.061692845,0.003400524,0.000132723,0.192801047,0.455061082,0.069109948,0.335034904,0.017421466,0.010340314,1,0.133376963,55
0.238618421,0.024315789,0.097171053,0.059375,0.000721053,0,9.62E-05,0.080131579,0.047651316,0.004113816,7.93E-05,0.033072368,0.136907895,0.045460526,0.079802632,0.012348684,0.004960526,1,0.082697368,65
0.312651413,0.038120233,0.277388964,0.120502467,0.00067878,0.00090489,0,0.308299686,0.051861821,0.001856438,0.000112068,0.134185734,0.082279049,0.03465231,0.162090624,0.005244504,0.00666218,1,0.121713773,65
0.238542665,0.170661553,0.497123682,0.20105465,0,0.001347076,0.000539501,0.289549377,0.203355705,0.029386385,3.18E-05,0.246500479,0.529721956,0.16970278,0.282837967,0.058398849,0.024755513,1,0.288302972,35
0.238115632,0.02117773,0.095931478,0.070692363,0,0.002430407,0,0.09614561,0.031491792,0.007040685,0.000188936,0.131620271,0.410278373,0.024239829,0.282655246,0.018936474,0.005325482,1,0.065910064,55
0.096252927,0.02307377,0.141276347,0.087617096,0.000737705,0.00036856,0,0.145374707,0.074326698,0.004909251,6.09E-05,0.055064403,0.119145199,0.048565574,0.072336066,0.008773419,0.00748829,1,0.128776347,65
0.142116041,0.059808874,0.337133106,0.137201365,0.003635495,0.000756997,0,0.219180887,0.132423208,0.01512628,0.0001,0.123276451,0.514061433,0.146348123,0.239112628,0.038587031,0.02665529,1,0.19556314,55
0.245286396,0.03678401,0.193854415,0.112828162,0,0.001073687,4.30E-05,0.303400955,0.148717184,0.028926014,7.09E-05,0.135859189,0.178490453,0.11148568,0.18923031,0.032428401,0.011196301,1,0.1650358,55
0.293876897,0.020424773,0.130942618,0.074574272,0.000471779,0.000863906,0.000251732,0.118426044,0.047002798,0.004007929,1.30E-05,0.063676975,0.080526209,0.050153823,0.085734154,0.006783458,0.003617115,1.000012972,0.094793352,35
0.216403925,0.099107044,0.391357072,0.193032742,0,0,0.000371955,0.190717672,0.16436997,0.019380443,7.67E-05,0.189394775,0.486054459,0.13273068,0.176606769,0.033667732,0.021695513,1,0.240987763,65
0.664324024,0.33549103,0.888108008,0.266876271,0,0.002391345,0.002395043,0.360273719,0.378768263,0.039689292,0.000395043,0.396523026,1,0.189384132,0.691326059,0.103125578,0.061975217,0.806547069,0.405030516,65
0.241636269,0.141010943,0.577905159,0.256800417,0,0.010906722,0.000616467,0.386451277,0.258832725,0.038577384,0.000323398,0.148045857,0.463157895,0.155393434,0.247316311,0.048191767,0.03154247,1,0.377331944,65
0.218311688,0.065584416,0.263571429,0.090844156,0.002962338,0.004605195,0,0.177857143,0.122987013,0.016435065,0.000543312,0.068506494,0.192467532,0.143441558,0.117142857,0.029324675,0.011915584,1,0.132012987,45
0.365737009,0.064345209,0.283841152,0.152184427,0.003624053,0.005734859,0.000483637,0.199903273,0.154978774,0.027148154,0.000498576,0.213552582,0.578644742,0.137245419,0.385619861,0.044290397,0.018195497,1.000483637,0.242785749,65
0.10876269,0.028247217,0.25133479,0.139136628,0.001547871,0.001031187,0.000903584,0.080106489,0.056439902,0.005314076,0.000649468,0.112307225,0.251580181,0.099274243,0.207709745,0.011707871,0.012005067,1.000649468,0.059111936,65
0.175636839,0.016368387,0.144284781,0.066035271,0,0,0.000113717,0.146701502,0.047726976,0.004457871,0,0.077400392,0.087720444,0.045238406,0.067994775,0.005673416,0.00278772,1,0.086283475,45
0.151426157,0.018428058,0.118001268,0.049883795,0,0.000201859,0,0.132495246,0.034058737,0.010891612,8.00E-05,0.0663427,0.125396155,0.036826537,0.134460173,0.01400169,0.002979083,1,0.081322628,25
0.603892617,0.07852349,0.32590604,0.123087248,0.001883893,0.005648322,0,0.341946309,0.136845638,0.017691275,0.000129597,0.241946309,0.368255034,0.072214765,0.725503356,0.024771812,0.015510067,1,0.153758389,55
0.461801242,0.040388199,0.204089027,0.077173913,0,0.000345756,9.23E-05,0.321687371,0.081055901,0.005429607,7.61E-05,0.162732919,0.307039337,0.050067288,0.439078675,0.02373706,0.006009317,1,0.087836439,55
0.364374049,0.02958343,0.160491983,0.080936916,0.000482858,0.00450483,6.44E-05,0.244942746,0.091399493,0.019456445,0.000185958,0.205619249,0.253747103,0.065381236,0.280002249,0.033349958,0.004354801,1.000064434,0.113272201,65
0.403116279,0.034390698,0.172744186,0.120093023,0,0.001835349,0.000122512,0.261674419,0.099860465,0.014916279,0.000101023,0.131488372,0.178093023,0.097906977,0.206372093,0.016213953,0.005176744,1,0.146744186,55
0.060020643,0.033834594,0.216319537,0.092921064,0.000895931,0.004551176,0.000149439,0.164881612,0.075434505,0.005403609,0.00017253,0.068019504,0.122960579,0.11796859,0.06708533,0.009008935,0.015764177,1.000149439,0.115691542,65
0.163535202,0.038754547,0.168927884,0.086133105,0,0.000326557,0.000147186,0.231328911,0.086411299,0.019244597,2.70E-05,0.116969827,0.090562808,0.080847421,0.119430773,0.020310293,0.006884229,1,0.14136529,65
0.388906883,0.016983806,0.094291498,0.045303644,0,0.001178947,4.72E-05,0.161659919,0.051659919,0.008834008,0.000155789,0.066801619,0.126234818,0.048663968,0.133238866,0.014331984,0.002714575,1,0.060728745,55
0.181094527,0.082693674,0.355721393,0.110234542,0,0.001120469,7.48E-05,0.270540156,0.209843639,0.021425018,0.000339303,0.200497512,0.457000711,0.179175551,0.254797441,0.037206823,0.013216063,1,0.221464108,45
0.292122861,0.038898667,0.202916273,0.11317368,0.000296679,0.000988164,7.92E-05,0.241700081,0.105057029,0.020069568,3.27E-05,0.102606719,0.09858668,0.100730701,0.182662932,0.025494707,0.010107528,1.00003265,0.144453415,65
0.141509434,0.016305031,0.196203953,0.077425876,0,0.00291779,0.0001031,0.260332435,0.069339623,0.004714735,0.000212556,0.110916442,0.039555256,0.074303684,0.09245283,0.00757637,0.006448787,1,0.108984726,45
0.503679297,0.03169687,0.145853926,0.077759473,0,0.003428885,0,0.285886875,0.073091708,0.018632619,0.000130697,0.262712795,0.298901702,0.042833608,0.589785832,0.046436024,0.007946183,1,0.081493685,55
0.14781166,0.028047441,0.277565379,0.079147573,0.000714633,0.001428718,4.77E-05,0.397988247,0.202314809,0.014616504,0.000236016,0.079970883,0.217902819,0.104395759,0.100334094,0.009649198,0.00733844,1.000047697,0.308192526,65
0.189005602,0.016057423,0.154831933,0.103641457,0,0.00162605,0.0003257,0.137184874,0.068221289,0.007787115,8.95E-05,0.1,0.267997199,0.06412465,0.13662465,0.01662465,0.005506303,1,0.145098039,65
0.25751861,0.076029777,0.233349876,0.130322581,0,0.011652605,0,0.244367246,0.164615385,0.046362283,0.001452605,0.157419355,0.687841191,0.104466501,0.539950372,0.13955335,0.034689826,1,0.248387097,45
0.553176875,0.017973669,0.111963366,0.048299943,0,0.000417573,0.000223011,0.189353177,0.038202633,0.005314825,0.000344877,0.107269605,0.164052662,0.037813394,0.330108758,0.017424156,0.00593589,1,0.061190612,35
0.335521237,0.012702765,0.095094074,0.046268348,0.000519551,0.00095195,6.93E-05,0.205767964,0.042802428,0.018066528,0.000128643,0.151221787,0.200148463,0.024278264,0.294805091,0.027835038,0.002109837,1.000069318,0.061545316,65
0.298405253,0.005572233,0.084709193,0.046421201,0,0.000196764,3.94E-05,0.080956848,0.011636961,0.000983114,9.75E-05,0.05478424,0.055206379,0.009179174,0.114446529,0.002941839,0.001532364,1,0.031754221,65
0.297792505,0.0634857,0.334113071,0.117514801,0.001429332,0.007739955,0.001144429,0.220694122,0.163532898,0.033224584,0.000471987,0.108720767,0.31995829,0.154256999,0.141005715,0.054270034,0.015883472,1.000471987,0.26827828,45
0.310227303,0.13891135,0.507551419,0.215306558,0.001103084,0.014331645,0.00206074,0.25682307,0.191953521,0.02458405,0.003034688,0.280598514,0.739814576,0.100834434,0.67162612,0.049137929,0.038076917,1.001103084,0.347218032,55
0.31953513,0.048914404,0.234990513,0.119460277,0.000449519,0.000748982,0.000659987,0.294980489,0.094808197,0.016512671,4.95E-05,0.107410315,0.125533978,0.129561459,0.13258207,0.01381361,0.012829475,1.000049467,0.156714475,55
0.57962963,0.022455418,0.153017833,0.075308642,0,0.002067215,7.89E-05,0.346639232,0.106310014,0.028134431,6.50E-05,0.212688615,0.333607682,0.062599451,0.328875171,0.051248285,0.005733196,1,0.129423868,35
0.420170109,0.030315917,0.189246659,0.105589307,0,0.001346294,0.000269623,0.284568651,0.109416768,0.018110571,6.67E-05,0.113973269,0.139854192,0.104434994,0.183718104,0.023699878,0.008936817,1,0.153827461,25
0.260526765,0.045776317,0.337691333,0.133132431,0.004106594,0.01328755,0.000313155,0.23877338,0.113520127,0.023851645,0.001936822,0.240657531,0.418495739,0.091895207,0.294955351,0.047660468,0.014229626,1.000313155,0.183276554,55
0.346104659,0.201553462,0.743074975,0.236600309,0.006562079,0.006011148,0.000875762,0.239191321,0.164188341,0.016282465,0.000812487,0.264555965,0.578477527,0.096003814,0.391788292,0.039860674,0.016841578,1.000812487,0.233872927,45
0.432054761,0.034698404,0.15293421,0.067806701,0.000771202,0.001027891,0.000205919,0.137601036,0.05376265,0.004126895,6.37E-05,0.085525035,0.059288272,0.055034736,0.123630811,0.00754165,0.005741422,1.000063661,0.073315286,25
0.397081929,0.019636815,0.149978551,0.067900467,0.001141271,0.001710549,3.81E-05,0.207449506,0.043586668,0.005562406,0.000204082,0.128902246,0.16154879,0.038828203,0.278826476,0.013574661,0.005665615,1.000038073,0.072409058,25
0.467108255,0.111901823,0.294247866,0.108386835,0.001047274,0.001918798,0.000139781,0.378174233,0.146907256,0.045131488,8.64E-05,0.311245002,0.462245052,0.172330733,0.525322241,0.102319868,0.014767766,1.00008643,0.138577215,45
0.582490274,0.16012246,0.499310787,0.262635135,0.00054741,0.000729438,0.001534182,0.537977165,0.385806259,0.072226611,0.000180703,0.282514019,0.285164537,0.2603744,0.528622396,0.099394419,0.026676683,1.000180703,0.565885559,25
0.388087418,0.185739124,0.677431299,0.221793175,0.001469506,0.003671234,0.000196069,0.335930575,0.213083488,0.016335726,0.000404291,0.243162289,0.75814781,0.140165184,0.393455015,0.045138456,0.022543909,1.000196069,0.282558428,45
0.443719639,0.04722415,0.476752255,0.170229008,0,0.000941707,0,0.651492019,0.167106176,0.010645385,3.46E-05,0.266134629,0.187994448,0.084871617,0.252810548,0.024885496,0.00666204,1,0.273074254,45
0.191146441,0.018180721,0.156545804,0.065374598,0.000362598,6.04E-05,9.68E-05,0.229787833,0.064892919,0.011702133,1.99E-05,0.098556957,0.078781341,0.03163028,0.139687025,0.015459233,0.002535774,1.00001995,0.076372945,45
0.455441302,0.076349614,0.307883462,0.139760069,0,0.005844045,0.000706941,0.380805484,0.182904884,0.020856898,0.000163967,0.119237361,0.096786632,0.157326478,0.163581834,0.02197515,0.019567266,1,0.254755784,45
0.709839929,0.055564249,0.277502216,0.113308531,0.000948048,0.000947517,0.000569467,0.405007546,0.110224582,0.027330167,0.000156484,0.223267255,0.395808871,0.044727891,0.61466289,0.037156265,0.005561742,1.000156484,0.136863519,55
0.23880597,0.094925373,0.467910448,0.176268657,0,0.004121642,0.00057791,0.31,0.19119403,0.01919403,0.000408507,0.222686567,0.563134328,0.115895522,0.37761194,0.040835821,0.023029851,1,0.358134328,35
0.159135352,0.068810275,0.32581325,0.132767354,0.001361677,0.006259695,0.00087203,0.282907293,0.138857032,0.013174726,0.000314685,0.118918745,0.169769105,0.176291553,0.136816835,0.020763639,0.025434454,1.000314685,0.179104551,55
0.244294364,0.022217047,0.226781556,0.089892874,0.00076572,0.005230554,0,0.235165347,0.059012576,0.006828132,2.11E-05,0.168374476,0.178388449,0.030135072,0.197904052,0.011476479,0.000863531,1,0.127293898,55
0.372349279,0.253624123,0.6791829,0.23580949,0.002933554,0.000977226,0.000391453,0.379029767,0.376568535,0.071399176,8.07E-05,0.281635291,0.840803818,0.174630288,0.576397153,0.131500123,0.035570666,1.000080705,0.453569944,35
0.145731263,0.068884939,0.312465418,0.099858519,0.00046176,0.000307613,0.000246462,0.204759248,0.10323263,0.008094075,0.00010164,0.109829206,0.254612684,0.074002972,0.148233412,0.031724225,0.015782499,1.00010164,0.184476671,25
0.349390244,0.058632404,0.249041812,0.103658537,0.001891986,0.002520906,0,0.213066202,0.134407666,0.015888502,0.000173519,0.236236934,0.516811847,0.12412892,0.378658537,0.05260453,0.015792683,1,0.156271777,25
0.257989691,0.039905498,0.174183849,0.095575601,0,0.000999141,0.000400172,0.252706186,0.111769759,0.026499141,0.000220017,0.146262887,0.243986254,0.068127148,0.236297251,0.035085911,0.005975086,1,0.162457045,65
0.351753394,0.058088235,0.241289593,0.136764706,0,0.001281674,0.000171154,0.284615385,0.136142534,0.016770362,0.00011759,0.126470588,0.100678733,0.125565611,0.098585973,0.024830317,0.010899321,1,0.18388009,35
0.477136643,0.050962525,0.277157734,0.150094437,0.002091914,0.009320262,0.000139559,0.408582246,0.165383195,0.023560367,0.000647322,0.172292537,0.13784383,0.101337021,0.35659067,0.037388853,0.006781936,1.000139559,0.219138859,55
0.197170672,0.033526012,0.161119562,0.104046243,0,0.002657438,8.87E-05,0.323395193,0.130149072,0.015606936,0.000128019,0.168542744,0.186218436,0.10021296,0.219105567,0.02469425,0.007048981,1,0.17949498,35
0.34009827,0.040568255,0.272377697,0.133838923,0.000999252,0.012977996,0,0.143772698,0.080687887,0.027323222,0.002693869,0.140888699,0.700384533,0.100181585,0.216940825,0.021298868,0.009918821,1,0.121982482,65
0.328304673,0.148749868,0.674227239,0.316489081,0,0,0,0.459964131,0.259732039,0.034128073,0,0.42578331,0.913703977,0.185673594,0.557337272,0.059921933,0.050669902,1,0.47884798,65
0.116264739,0.121379675,0.304850237,0.146287194,0.001707055,0.00796151,0.000303738,0.249119664,0.259260582,0.081661079,0.001033217,0.363738727,0.97228278,0.312100104,0.795706264,0.193922823,0.033122552,1.000303738,0.314368467,55
0.185254258,0.144224792,0.6307348,0.272659455,0.011177421,0.011790377,0,0.397861494,0.194952132,0.02458038,0.001639935,0.20639065,0.499191844,0.181275643,0.142732811,0.036938953,0.03151809,1,0.399229143,45
0.552981868,0.034440834,0.218530552,0.107431087,0,0.006485693,0,0.131223142,0.078524264,0.005314957,0.00035709,0.083188345,0.223456661,0.068210879,0.135625197,0.01289173,0.013499633,1,0.133738602,65
0.308481242,0.054613753,0.312588081,0.156276028,0.000466162,0.001086871,0.000342056,0.342272601,0.169677292,0.025786625,5.13E-05,0.1294735,0.072013781,0.163913307,0.147738126,0.02679172,0.018714937,1.000051299,0.217050039,55
0.493807829,0.032071174,0.198718861,0.105338078,0,0.000736655,0.00034427,0.350818505,0.099288256,0.023530249,4.06E-05,0.143202847,0.228256228,0.101423488,0.192597865,0.024227758,0.005321708,1,0.148967972,45
0.321176468,0.113046684,0.545721251,0.206147596,0.004205956,0.004904058,0.000654742,0.397552666,0.201687672,0.036416518,0.000385721,0.260967495,0.699340854,0.212279992,0.340316975,0.070367689,0.046178796,1.000385721,0.363483803,55
0.236331175,0.146344428,0.627356064,0.191569726,0.002620748,0.01156724,0.000174871,0.367194635,0.289209986,0.027801962,0.001370095,0.16310098,0.284977362,0.167913416,0.170464587,0.043914924,0.030741607,1.000174871,0.335478945,25
0.250401606,0.011060241,0.096787149,0.046385542,0,0.001548594,0,0.14562249,0.034048193,0.00548996,0.000204618,0.065983936,0.101445783,0.034445783,0.119598394,0.011570281,0.002726506,1,0.052168675,45
0.368610635,0.136106346,0.479331046,0.17186964,0.007072041,0.003533448,0,0.382418525,0.261063465,0.0514494,0.000272384,0.368953688,0.724871355,0.23593482,0.456861063,0.090823328,0.035737564,1,0.481475129,65
0.612035287,0.052123503,0.276811594,0.154127284,0,0.018330183,0,0.508884688,0.237240076,0.062898551,0.000386452,0.25942029,0.483868935,0.176874606,0.493761815,0.059615627,0.013207309,1,0.329804663,55
0.23254836,0.502102607,0.878889823,0.369133726,0,0.007982338,0.000556098,0.552733389,0.46509672,0.071581161,0.00103196,0.752481077,1,0.240370059,0.793271657,0.132380151,0.061110177,0.669133726,0.802102607,55
0.345371541,0.298093302,0.924043446,0.275999597,0.005811904,0.007260014,0.001744601,0.459159844,0.396312984,0.036620602,0.0011997,0.507811785,1.0011997,0.2594007,0.757711046,0.077099016,0.050483543,0.772249391,0.358765134,55
0.62147651,0.115052733,0.30738255,0.175167785,0,0.006691275,0,0.243144775,0.213422819,0.077162033,0.000452157,0.23767977,1,0.148322148,0.795302013,0.148418025,0.031716203,0.607574305,0.371907958,65
0.230274549,0.034306208,0.218822656,0.116472916,0,0.002433589,0.000182785,0.356913183,0.130818699,0.021221865,0.000125625,0.10277022,0.151570616,0.115582488,0.201335642,0.022740539,0.009168934,1,0.15713579,25
0.275515878,0.12412637,0.564709849,0.235877322,0.007324759,0.006913485,0.00065171,0.279330857,0.204799206,0.01596708,0.000268723,0.187399182,0.590298119,0.190004533,0.20507835,0.039554812,0.027263138,1.000268723,0.327995093,55
0.298817568,0.022252252,0.322691441,0.095777027,0.001606982,0.004550113,0,0.333783784,0.073592342,0.001145833,0.000176858,0.11829955,0.058558559,0.028975225,0.149324324,0.005235923,0.002356419,1,0.121734234,55
0.253226331,0.056458085,0.264288038,0.153996313,0.003103785,0.007755124,0,0.118859126,0.142500813,0.021765535,0.000854029,0.212558291,0.9197484,0.139464266,0.519249539,0.037566424,0.022405379,1,0.194881249,65
0.691883538,0.108028952,0.433134948,0.169064177,0.004130918,0.005848737,0.001239955,0.456575192,0.18989995,0.023077883,0.001022991,0.400182721,0.804555243,0.080829209,0.883595294,0.085868296,0.01398488,1.001022991,0.235987773,65
0.311260623,0.120632672,0.397780925,0.264872521,0.002843484,0.011838999,0,0.425991501,0.357412653,0.052053824,0.001486072,0.776558074,0.684962229,0.14766289,0.888101983,0.176227573,0.032719547,1,0.441690274,45
0.630089717,0.02852542,0.213227513,0.090407177,0.020004601,0.015992639,0,0.253048079,0.088911893,0.015932827,0.001320911,0.107936508,0.161398666,0.061720727,0.121716126,0.021230734,0.005415229,1,0.171290545,55
0.395412844,0.242431193,1,0.304357798,0,0.00530581,0.0015,0.718042813,0.399006116,0.024503058,0.000412385,0.237461774,0.297629969,0.219954128,0.224464832,0.038379205,0.047767584,0.882262997,0.578746177,35
0.522336412,0.022731006,0.149571752,0.057585937,0.001244896,0.001451296,0.000290693,0.243995354,0.050922654,0.00340315,3.42E-05,0.107695995,0.151088597,0.040797713,0.373143871,0.009561541,0.004493112,1.000034243,0.069178967,45
0.350965251,0.105598456,0.511872587,0.268822394,0.003846525,0.015888031,0,0.331853282,0.260907336,0.063745174,0.001566602,0.376158301,1,0.179054054,0.946138996,0.069266409,0.044777992,0.902220077,0.36042471,65
0.176614858,0.270541541,0.965149454,0.384493202,0.000567783,0.00699512,0.001363606,0.561925406,0.506618323,0.079691239,0.000718583,0.390963858,0.858894469,0.391781204,0.510773166,0.111363399,0.087456027,1.000567783,0.656737547,55
0.37753382,0.039296787,0.193170285,0.097941738,0.000966074,0.01094172,0.000322291,0.349423385,0.111685606,0.011368714,0.001169341,0.172576723,0.248590542,0.063648786,0.399239346,0.028288349,0.007628069,1.000322291,0.141441747,65
0.258167017,0.013702731,0.11457458,0.060714286,0.00094958,0.001897847,6.34E-05,0.178308824,0.04737395,0.006433824,0,0.084585084,0.157563025,0.040966387,0.263392857,0.012418592,0.002731092,1,0.063366597,45
0.303527018,0.282839702,0.893511191,0.341623333,0,0.008625367,0.001295501,0.398146055,0.300474791,0.029109202,0.000118698,0.395546009,0.754465295,0.188898937,0.472529957,0.089091115,0.066934208,1,0.449807823,55
0.408072762,0.27419356,0.822580679,0.223551688,0.00122156,0.004882324,0.00179345,0.309027333,0.249851887,0.025558757,0.000806493,0.369741622,1.000806493,0.156821929,0.688701477,0.064029792,0.037477783,0.732908193,0.340923319,65
0.28122091,0.051292604,0.294612382,0.146326327,0.00076756,0.001789885,0.001229402,0.212957066,0.125422566,0.014645698,0.000781278,0.178988454,0.472555648,0.126075809,0.321199353,0.031159669,0.024333284,1.00076756,0.273382,55
0.36406363,0.051988431,0.268004338,0.147541576,0,0.011612437,0,0.45516992,0.205242227,0.04703543,0.001527477,0.312328272,0.379248012,0.152566884,0.374548084,0.06966739,0.023011569,1,0.245444685,25
0.222827605,0.02341995,0.199385303,0.072757754,0,0.001687343,6.14E-05,0.294495669,0.09086337,0.010318525,0.000114026,0.146689019,0.125034926,0.05618888,0.27921207,0.019611623,0.002908634,1,0.125034926,45
0.298568873,0.085569469,0.354502087,0.183064997,0,0.000806798,0.000484914,0.361836613,0.223613596,0.033840191,0.000366607,0.131842576,0.085986881,0.221109123,0.158437686,0.03653548,0.019677996,1,0.34686941,65
0.078388918,0.059311706,0.321222216,0.11473071,0.00081093,0.01539846,0.000216446,0.308147491,0.162839754,0.021882335,0.001517262,0.107480181,0.363417918,0.128310595,0.139691548,0.02004593,0.017564704,1.000216446,0.242209277,55
0.161750789,0.04285489,0.225315457,0.128470032,0,0.005646688,0,0.136671924,0.116167192,0.012791798,0.000559621,0.217744479,0.501025237,0.07727918,0.251419558,0.026119874,0.009944795,1,0.15126183,25
0.382992749,0.032010547,0.152109426,0.053724456,0,0.000784773,0.000685893,0.178015821,0.045088991,0.004861569,7.07E-05,0.124620962,0.139683586,0.03437706,0.289650626,0.016226104,0.003671721,1,0.063052076,25
0.525544703,0.19947408,0.762396694,0.220510894,0,0.003187453,0.000957363,0.322501878,0.252817431,0.014641247,0.000657964,0.30785124,0.486476334,0.161382419,0.418670173,0.034954921,0.021844478,1,0.385987979,55
0.311881188,0.014942574,0.086217822,0.053821782,0.000353545,0.000588911,0,0.191683168,0.043207921,0.013869307,1.95E-05,0.093465347,0.176831683,0.032360396,0.189267327,0.023354455,0.002313267,1,0.070534653,45
0.302481203,0.107293233,0.591428571,0.207969925,0.000839098,0.016496241,0,0.501879699,0.31924812,0.028887218,0.006165414,0.19112782,0.444210526,0.225639098,0.257293233,0.087067669,0.036834586,1,0.474210526,45
0.252659933,0.05030303,0.194478114,0.111043771,0,0.001525589,0.000552862,0.310942761,0.124074074,0.041313131,0.000144007,0.15962963,0.178249158,0.106363636,0.256902357,0.046936027,0.008757576,1,0.153771044,35
0.270463746,0.076131371,0.389567047,0.179162494,0.000877485,0.002777949,0.000878612,0.47635681,0.204032075,0.022692788,0.000422614,0.196418938,0.100606197,0.181361845,0.225066891,0.039836445,0.010641474,1.000422614,0.245650558,55
0.4632,0.104466667,0.448866667,0.186533333,0,0.000596733,0.0006574,0.577933333,0.227933333,0.01384,0.000172467,0.269733333,0.2622,0.0844,0.539533333,0.03302,0.008993333,1,0.278133333,45
0.659884282,0.153905497,0.591321119,0.214946962,0,0.039218901,0.000406268,0.431822565,0.260848602,0.051311475,0.011610415,0.268852459,0.826133076,0.229315333,0.403567985,0.123529412,0.037849566,1,0.414079074,45
0.290212307,0.035062972,0.207700612,0.107916517,0,0.001956819,0.000178158,0.224541202,0.091111911,0.016729039,0.00011756,0.223785534,0.109247931,0.083483267,0.260093559,0.01934149,0.008675783,1,0.130550558,65
0.304695616,0.051111573,0.326407646,0.12892167,0,0.005801995,0.000645543,0.140556825,0.086204031,0.006671515,0.000798566,0.156555163,0.611676709,0.049158529,0.727820486,0.026750467,0.016808643,1,0.165904841,65
0.242337917,0.025466601,0.120530452,0.067141454,0,0.003475442,7.96E-05,0.11478389,0.067534381,0.009390963,0.000213212,0.064145383,0.05564833,0.076129666,0.062229862,0.012264244,0.007195481,1,0.085363458,55
0.201823529,0.058470588,0.262882353,0.144058824,0,0.012211765,0.001144706,0.255647059,0.140058824,0.016547059,0.000429118,0.111588235,0.117294118,0.140705882,0.190588235,0.024905882,0.020758824,1,0.197294118,35
0.285294947,0.029992197,0.162980399,0.080969423,0.000796562,0.006896892,0.000903434,0.213065512,0.073587982,0.012118243,0.001029779,0.12113714,0.10859322,0.06702167,0.175116756,0.025395779,0.006647825,1.000796562,0.126344905,35
0.274611399,0.075769582,0.28954587,0.167327034,0,0.023712283,0,0.151066748,0.140384029,0.008921061,0.000569491,0.227674489,1,0.097729351,0.773392258,0.03095093,0.015757391,0.807680585,0.196586407,65
0.144937016,0.031589147,0.192781008,0.110440891,0,0.001082607,0.000357074,0.265261628,0.117199612,0.020317345,6.31E-05,0.119646318,0.063687016,0.097965116,0.100072674,0.019953973,0.00746124,1,0.168531977,45
0.232973025,0.034076277,0.279718151,0.12576864,0.001165701,0.003882605,0.000311077,0.151022715,0.105113816,0.009139968,0.000128277,0.206130117,0.458587247,0.095831689,0.321027797,0.023272216,0.013279295,1.000128277,0.187649486,65
0.055666054,0.067129372,0.342542937,0.158835917,0.000323324,0.001185221,0.000280591,0.285565498,0.136994565,0.011976567,4.45E-05,0.103169863,0.162657023,0.166478129,0.096612935,0.02392148,0.022610095,1.000044497,0.265668615,35
0.161732746,0.103436123,0.396182085,0.185491924,0,0.016881057,0.000274626,0.353303965,0.162378855,0.015809104,2.83E-05,0.121908957,0.108957416,0.137356828,0.167665198,0.019063142,0.021530103,1,0.225844347,55
0.596724599,0.063382353,0.331751337,0.146858289,0,0.00199131,0.001036765,0.545187166,0.174398396,0.03901738,0,0.242780749,0.479545455,0.102673797,0.814839572,0.081016043,0.012139037,1,0.216109626,55
0.22907563,0.126554622,0.56697479,0.221008403,0.002664706,0.003551261,0,0.349495798,0.267563025,0.039201681,0.000219916,0.390672269,0.936134454,0.227142857,0.487983193,0.079453782,0.023,1,0.343277311,55
0.516300496,0.134089298,0.41233168,0.194472006,0,0.003144578,0.000577392,0.310630758,0.188093551,0.033380581,0.000973777,0.151665485,0.364705882,0.154429483,0.201700921,0.04471297,0.023692417,1,0.285046067,45
0.232842542,0.095122828,0.470281869,0.225119941,0.000789421,0.003945881,0.001369842,0.254784534,0.175597231,0.03322557,0.000260668,0.244794186,0.696259877,0.17541336,0.451220529,0.044251728,0.022622317,1.000260668,0.242649019,65
0.090112749,0.018803122,0.121110147,0.074379879,0,0.000342411,0.000164597,0.133894189,0.053235039,0.006735473,2.26E-05,0.072870772,0.057432784,0.064475282,0.09045967,0.01109974,0.003956635,1,0.074171726,55
0.229214177,0.019020008,0.09733124,0.054568733,0.00086035,0.001146198,0.000191322,0.135121362,0.047097406,0.010413958,8.68E-05,0.076268729,0.107301508,0.054186242,0.146698093,0.010638353,0.004980034,1.000086774,0.070454864,65
0.268190299,0.127705224,0.635820896,0.213246269,0,0.001,0.002805037,0.354477612,0.189925373,0.012705224,0.000561754,0.191977612,0.458768657,0.179570896,0.327798507,0.02426306,0.037257463,1,0.345242537,55
0.258857564,0.033421142,0.230533748,0.098484171,0.003363273,0.004948253,0.00071074,0.26347401,0.073718864,0.005732087,0.001249326,0.121422135,0.066649932,0.061985399,0.202883163,0.012132596,0.007400739,1.00071074,0.123009038,65
0.233162313,0.202238806,0.824160448,0.227751866,0,0.000973414,3.90E-05,0.495335821,0.279617537,0.03119403,3.22E-05,0.131902985,0.233628731,0.204151119,0.112313433,0.066371269,0.021096082,1,0.392397388,55
0.322525906,0.030206535,0.233400484,0.133275168,0.000950946,0.004591423,0.000126893,0.397197542,0.137592532,0.018452041,0.000300826,0.148367173,0.08859983,0.13053458,0.288925547,0.023347557,0.009010152,1.000126893,0.173858395,35
0.207945118,0.037300574,0.172941927,0.108966177,0,0.001716975,0,0.277121889,0.096713465,0.019945756,0.0004097,0.123867262,0.163592853,0.083407786,0.166624123,0.025271219,0.010724314,1,0.140044671,55
0.117997062,0.100560126,0.417142823,0.168353469,0.000542652,0.000361564,0.000217244,0.379887022,0.204448843,0.022606942,0.000104499,0.086299094,0.113446968,0.246468501,0.088161884,0.031942269,0.023565821,1.000104499,0.283052477,45
0.173736669,0.039763575,0.194365256,0.094632236,0.000269553,0.002649026,0.000179852,0.189659007,0.095534032,0.01166417,0.000148317,0.095364945,0.050979665,0.104749262,0.141074739,0.01624924,0.006385844,1.000148317,0.130168641,55
0.349678801,0.023998929,0.097751606,0.046654176,0.000930942,0.000155086,0,0.157869379,0.051423983,0.011841542,0.000128105,0.105728051,0.214721627,0.04995182,0.206638116,0.028956103,0.005776231,1,0.086937901,45
0.155734505,0.017989263,0.120497804,0.064372865,0,0.000596633,5.31E-05,0.189458272,0.070497804,0.023016105,0.000109492,0.11056613,0.112445095,0.075597853,0.112469497,0.018135676,0.006149341,1,0.123108834,25
0.119186278,0.011455923,0.096310331,0.034702832,0,9.58E-05,1.92E-05,0.12778221,0.049720782,0.021659354,3.16E-05,0.089090546,0.104307938,0.048723574,0.110091743,0.021340247,0.002658556,1,0.092241723,25
0.267455844,0.020864337,0.119954904,0.067267944,0,0.003718151,6.77E-05,0.191206313,0.062532882,0.012784667,0.000307065,0.130665163,0.233370913,0.050507328,0.210973318,0.024227734,0.010759113,1,0.08947764,35
0.32362653,0.015296168,0.114449498,0.063941086,0.000578459,0.002634513,0.000411909,0.115109484,0.02916754,0.002774274,7.43E-05,0.138636077,0.100201544,0.02725746,0.181729341,0.006409638,0.004744141,1.000074307,0.056875344,45
0.553080569,0.024372038,0.165402844,0.091706161,0.000580865,0.003192536,0,0.199407583,0.057956161,0.004764218,0.000255687,0.143009479,0.134123223,0.041504739,0.253199052,0.009354265,0.004455569,1,0.089869668,45
0.107603382,0.011985355,0.092188412,0.04084106,0.000858588,0.000965373,0.000128896,0.114105227,0.028612424,0.007259676,3.54E-05,0.081918942,0.027083845,0.030227121,0.078560373,0.009391076,0.002589973,1.000035437,0.043984336,55
0.281913844,0.022186781,0.123248931,0.069582374,0,0.002485695,0.000298718,0.171621177,0.044491943,0.007007563,0.000112923,0.141565275,0.129825715,0.041170668,0.216014469,0.015840184,0.00362052,1,0.06376192,55
0.266039589,0.081982244,0.373879728,0.126406956,0.002594267,0.010224466,0.000403807,0.126067836,0.095547042,0.005139363,0.000547085,0.133104574,0.331150616,0.094360122,0.277400107,0.030224064,0.014531289,1.000403807,0.164049268,25
0.196385542,0.027175368,0.126639893,0.065809906,0,0.001938956,0.000604016,0.190120482,0.060990629,0.015951807,4.45E-05,0.10562249,0.075850067,0.053493976,0.132423025,0.01606158,0.00437751,1,0.07978581,55
0.131327985,0.12778046,0.563082646,0.216468585,0.001853756,0.009014887,0.000989133,0.31531237,0.301609185,0.037499426,0.000958527,0.283941119,0.914009385,0.228919702,0.344944638,0.059605376,0.031698179,1.000958527,0.400800767,55
0.189880021,0.16426284,0.743191574,0.245220954,0.002527497,0.004630648,0.001096063,0.221657058,0.211488406,0.01660228,0.000243363,0.291762091,1.000243363,0.164947268,0.424638996,0.046003373,0.025802954,0.991443568,0.257149565,55
0.435906461,0.09551444,0.353793282,0.106479107,0.010622327,0.030859448,0.000708683,0.209059666,0.103555196,0.011855243,0.00097415,0.092346869,0.393753404,0.080176088,0.343072273,0.026973083,0.024767966,1.000708683,0.192978154,65
0.18483607,0.014097617,0.110676126,0.042905792,0.000303,0.001362635,0.000364005,0.10931725,0.027322084,0.00662669,7.50E-05,0.14195919,0.200766724,0.022441695,0.315721865,0.011200609,0.003932067,1.000075027,0.042067336,25
0.23344376,0.087858927,0.460462462,0.22258591,0.00284645,0.003911814,0.000142447,0.342370899,0.179104707,0.042001946,0.000117494,0.274534244,0.378580332,0.145784059,0.280610655,0.051549881,0.0179802,1.000117494,0.284097121,65
0.161692325,0.017752111,0.099946814,0.054162728,0.000955033,0.00206769,0.000233673,0.158199382,0.05007289,0.013129488,0.000131361,0.157270878,0.184241706,0.051443538,0.232789196,0.021841949,0.004200375,1.000131361,0.067338641,25
0.140578884,0.089417272,0.363002126,0.178834544,0.004447754,0.003427366,0.000222637,0.202726555,0.166533003,0.03925116,0.000122411,0.282011055,0.642808859,0.231596068,0.196646891,0.060832188,0.02691051,1.000122411,0.200131143,55
0.161423841,0.049544702,0.24031457,0.131291391,0,0.004495033,0.000168791,0.131125828,0.133195364,0.018344371,0.000324834,0.232615894,0.449254967,0.089900662,0.318625828,0.040827815,0.014081126,1,0.169370861,55
0.243238865,0.078346848,0.518014816,0.207338158,0.001871729,0.007854519,0.00144859,0.333817078,0.184792778,0.009566911,0.000988426,0.179305192,0.265255321,0.122115299,0.213024089,0.02711396,0.014611522,1.000988426,0.263999127,55
0.297719918,0.016296896,0.120103446,0.064129024,0.000347417,0.004052684,9.27E-05,0.213065913,0.065144503,0.009954769,0.000248546,0.104163506,0.139428315,0.06126722,0.274825487,0.020444973,0.00501585,1.000092747,0.092931695,55
0.146201694,0.010954201,0.111855736,0.081391694,0.000864048,0.002302413,4.32E-05,0.181421726,0.054321115,0.006599257,0.000178285,0.071751174,0.042289746,0.055452269,0.078615224,0.006907754,0.00370453,1.000043241,0.092163368,55
0.109139042,0.049987679,0.220449573,0.120517645,0.000455144,0.004777276,0.000759587,0.109356191,0.1055778,0.015560891,0.000187877,0.103666889,0.44211518,0.088553325,0.193392819,0.023990612,0.032303072,1.000187877,0.17328483,65
0.261374665,0.08419883,0.290456104,0.129642311,0.002048241,0.036265212,0.000234324,0.252118765,0.238264773,0.041950126,0.005506365,0.121341859,0.687922353,0.182609944,0.255164255,0.078764721,0.024560978,1.000234324,0.230322614,55
0.122769541,0.049638302,0.240721406,0.115813683,0.001340559,0.001875646,0.000339944,0.192517581,0.09475665,0.015711578,7.38E-05,0.111618516,0.110184039,0.103444706,0.102280885,0.018358593,0.010160425,1.000073754,0.167590167,45
0.434944261,0.285678203,0.828113306,0.309297267,0.02056626,0.013085283,0.000998428,0.373406155,0.335808461,0.024020749,0.00123494,0.236351314,0.521226148,0.201806425,0.39172298,0.061730914,0.035444663,1.000998428,0.492465519,45
0.298936589,0.041276093,0.22729421,0.108861757,0,0.001990547,0.00034549,0.268806617,0.070500197,0.004994092,0.000109571,0.117920441,0.115675463,0.050334777,0.236549823,0.010421426,0.007908625,1,0.116108704,55
0.292538646,0.050397256,0.312195393,0.167495306,0.00131981,0.008795981,0.000528337,0.232907674,0.149242612,0.015766693,0.000181536,0.210855777,0.356051412,0.161053179,0.255455119,0.019904521,0.019648488,1.000181536,0.195658964,55
0.349562816,0.043235159,0.173722964,0.08697653,0,0.001117349,0.000122089,0.248734468,0.06640589,0.011707317,5.03E-05,0.169535205,0.263322595,0.048964565,0.408743672,0.027620801,0.007496549,1,0.091026231,45
0.195523274,0.09446851,0.296627189,0.141358707,0.001692766,0.023405778,0.000225899,0.143717962,0.151483844,0.038637719,0.001211084,0.205255202,0.897991507,0.082672234,1.000225899,0.072399644,0.036283379,0.505765332,0.228798602,65
0.117809831,0.020575339,0.178190068,0.107518563,0.003433541,0.002173401,0.00041237,0.114139519,0.043986175,0.006203548,0.000340044,0.068066303,0.227775269,0.069937443,0.177398432,0.010197711,0.018049301,1.000340044,0.110253306,65
0.347199071,0.112181525,0.556989521,0.248765281,0.00268562,0.004921002,0.002031228,0.3758631,0.174802462,0.024051664,0.000147788,0.263475359,0.445151689,0.162017068,0.344174569,0.03913293,0.018985623,1.000147788,0.278185436,65
0.416967893,0.191579843,0.493514778,0.209972358,0,0.00873804,0.000259303,0.356899851,0.241016373,0.052891771,0.000160323,0.377524984,0.573038486,0.185307251,0.396236445,0.133319158,0.037040187,1,0.353178822,65
0.318031753,0.191980141,0.787405516,0.306354129,0.002823983,0.00446886,0.003014829,0.397906702,0.294676505,0.029120658,0.000271922,0.398373807,0.834783305,0.189444429,1.000271922,0.07420296,0.038069055,0.835450598,0.372082471,55
0.395411765,0.023241176,0.126529412,0.0579,0,0.002722941,0.000229647,0.167470588,0.044423529,0.007058824,0.000213059,0.164647059,0.188,0.028788235,0.357470588,0.011376471,0.002620588,1,0.050776471,45
0.261465476,0.066234553,0.328836561,0.235956649,0.00538211,0.008290369,0.000359144,0.252120658,0.166754485,0.041350819,0.000148065,0.35264059,0.637720673,0.107591686,0.728011817,0.057375918,0.025502513,1.000148065,0.272704513,55
0.317600847,0.153419697,0.56345867,0.246340709,0.001063038,0.004959237,0.000567598,0.442668253,0.24054608,0.022309321,0.000263311,0.201156401,0.126791998,0.144934705,0.315393369,0.033608847,0.027345129,1.000263311,0.280418645,75
0.154140824,0.034451896,0.152487662,0.094737203,0.000319832,0.001917888,0.000277511,0.170385895,0.066302817,0.00863171,5.28E-05,0.098837045,0.04796374,0.086295056,0.139901588,0.009738226,0.008442147,1.000052791,0.118454567,35
0.185493707,0.083394514,0.354308512,0.133768851,0.001070286,0.003387776,0.000571404,0.209262832,0.131540496,0.014950239,5.89E-05,0.09669712,0.245254148,0.120466245,0.24241806,0.029299497,0.028374392,1.000058903,0.197513321,55
0.352319436,0.027513212,0.144069289,0.064415737,0,0.001339107,0.000234703,0.163182619,0.040340575,0.00358485,0,0.10596007,0.111479742,0.035231944,0.199442161,0.008094539,0.003399883,1,0.053435115,45
0.33552015,0.05230553,0.261480787,0.117994377,0.001559513,0.009606373,0,0.150702905,0.08339269,0.016682287,0.000729335,0.18022493,0.407310216,0.099250234,0.207403936,0.025763824,0.013017807,1,0.14742268,55
0.133293867,0.011790197,0.07968269,0.050627516,0,0.002018233,0.000195998,0.091120057,0.030049728,0.006133081,2.02E-05,0.123253611,0.087970637,0.033364906,0.132583471,0.012495856,0.002898413,1,0.039355908,65
0.116978823,0.011128694,0.123922448,0.078103971,0.00442597,0.001415413,0.000212631,0.053966608,0.037079902,0.007661605,0.000297112,0.09846249,0.211544381,0.047117455,0.133723823,0.01457925,0.004992797,1.000212631,0.056044972,45
0.396054486,0.03498356,0.199295444,0.092672616,0.000976045,0.001463128,0,0.219210897,0.084499765,0.006378581,0.000107374,0.150352278,0.151996242,0.040399248,0.358853922,0.015401597,0.005612964,1,0.114372945,55
0.289662414,0.009296598,0.087234241,0.076749356,0.000852771,0.003692077,0.000341248,0.060812331,0.044099425,0.003952103,0.000257998,0.081013209,0.209487996,0.054724108,0.274214684,0.010995149,0.004327461,1.000257998,0.056667307,45
0.181003395,0.090744185,0.452050455,0.182673864,0.001716272,0.002477683,0.000610529,0.242325771,0.12738673,0.012377636,0.000125932,0.326441966,0.57011489,0.11951936,0.545327286,0.038938093,0.04569002,1.000125932,0.250193141,65
0.295383061,0.032458839,0.172179605,0.181614104,0.002369724,0.0073048,0.001028083,0.075822848,0.034158436,0.006197633,0.001271576,0.19826322,0.418655889,0.026472094,0.538737636,0.022393061,0.009087642,1.001028083,0.085881689,65
0.230570452,0.15139908,0.498922599,0.185436643,0.003431667,0.009571363,0.000686878,0.260319282,0.161542274,0.026971365,2.36E-05,0.210079839,0.446028226,0.091969495,0.30797187,0.041607517,0.033193431,1.000023602,0.271551678,65
0.154774033,0.131894393,0.630799272,0.266831603,0.004216642,0.012329258,0.00068756,0.271863953,0.185143682,0.024336681,0.000618511,0.2720395,0.36069079,0.133181739,0.307207438,0.03350024,0.02589905,1.000618511,0.264666522,55
0.15996237,0.047176402,0.23588201,0.102614749,0.000508561,0.002372359,0.000576948,0.238311994,0.089770549,0.010008062,0.000111953,0.134273969,0.056514483,0.081300319,0.135974957,0.019061488,0.010789129,1.000111953,0.151700425,45
0.252489257,0.104082832,0.535073716,0.204888823,0.001120162,0.017729437,0.000298969,0.241882639,0.171430547,0.020842436,0.001664291,0.254300143,0.398739865,0.163928305,0.172292874,0.042711041,0.038796078,1.000298969,0.285775067,65
0.167482895,0.012569303,0.10179001,0.059773733,0.00041337,0.002340491,0.000110297,0.132744264,0.049067507,0.008943418,0.000250157,0.101951735,0.090113431,0.034835666,0.161628433,0.013947204,0.004149876,1.000110297,0.080409903,25
0.377179071,0.018351962,0.099949668,0.076438654,0.001956094,0.002606268,8.70E-05,0.160454317,0.069418777,0.012903201,5.38E-05,0.107136684,0.147305977,0.083681383,0.193882299,0.014903309,0.005660472,1.000053813,0.094489764,55
0.167983582,0.101227645,0.466009235,0.14346869,0.005029701,0.005863962,0.000419469,0.121367572,0.046012566,0.002615928,0.000207585,0.246431235,0.331516767,0.034087014,0.365158742,0.01796753,0.004822268,1.000207585,0.089385067,25
0.38460721,0.02229607,0.106996902,0.069820628,0.00374065,0.009034755,0.000499238,0.086724442,0.045561535,0.01456515,5.15E-05,0.128808275,0.402177483,0.058333305,0.214599675,0.025943416,0.009283163,1.000051451,0.060441738,55
0.207554226,0.063649963,0.258638743,0.127673897,0.002906507,0.056020942,0,0.189304413,0.123335826,0.043455497,0.003152954,0.172064323,0.601720269,0.121877337,0.252879581,0.089229619,0.014895288,1,0.146896036,55
0.240275651,0.124349158,0.482133742,0.234558448,0,0.00224196,0.000705462,0.402399183,0.285553854,0.054619704,0.000105819,0.272639102,0.142266462,0.270086779,0.301837672,0.076314446,0.023751914,1,0.360796325,55
0.322272499,0.027707391,0.154298643,0.088386124,0,0.002900955,0.00025822,0.202714932,0.074358974,0.011845148,0,0.132478632,0.192106586,0.091302162,0.223931624,0.022071393,0.005238813,1,0.098340875,35
0.151721673,0.024806728,0.144190277,0.064438741,0.000700326,0.001341276,0.000116815,0.142440244,0.068470069,0.008947047,1.93E-05,0.087001676,0.105220777,0.075220199,0.142190239,0.013250255,0.006753255,1.000019263,0.085689151,55
0.156636792,0.053756752,0.213954446,0.10850026,0.000507107,0.002871031,0.000574893,0.250335712,0.112189869,0.014556796,5.58E-05,0.075980213,0.077782116,0.114292088,0.163329572,0.016804884,0.013153887,1.000055773,0.170108157,65
0.144593162,0.143276158,0.49200492,0.204551496,0.003580171,0.006161499,0.00055737,0.191381457,0.210304724,0.027164938,0.000229783,0.24946826,1.000229783,0.18770771,0.493529872,0.050046147,0.030956523,0.937152229,0.272134589,55
0.247729585,0.052012003,0.216044111,0.100810621,0.000314463,0.003874745,0.000839217,0.289503593,0.144564972,0.025983583,0.000259574,0.09150675,0.214960528,0.113701527,0.271007945,0.04375435,0.013197299,1.000259574,0.209281056,55
0.263234498,0.011163598,0.137788939,0.053294757,0.000628762,0.003194617,0.000230773,0.165510395,0.028440919,0.002130426,8.65E-05,0.104645942,0.066967947,0.019043584,0.133867699,0.005005547,0.001205696,1.000086506,0.054760959,55
0.198474278,0.036598543,0.148103792,0.07541326,0.000845946,0.00316913,0.000677516,0.221300877,0.067403372,0.016342706,0.000128,0.089786737,0.087538902,0.069746185,0.210631579,0.019613146,0.008874197,1.000128,0.111663547,55
0.218129219,0.019872228,0.111089682,0.053037608,0.000599807,0.001548698,0,0.174059788,0.059378014,0.014831244,4.95E-05,0.108847637,0.118177435,0.06123433,0.190646095,0.020802797,0.003517358,1,0.063862102,45
0.808594151,0.189923572,0.539935979,0.274188513,0.002046226,0.007841442,0.000409682,0.454652291,0.314647328,0.064239283,0.000450432,0.250902865,0.727676522,0.145535304,0.354087395,0.089271356,0.016620132,1.000409682,0.397456916,65
0.40537346,0.018942561,0.138155178,0.075442041,0.000582336,0.001843252,0.000388609,0.231071743,0.078457949,0.015509748,0.000128176,0.147202901,0.19510261,0.056459564,0.222201426,0.02678392,0.00617374,1.000128176,0.105246304,65
0.393298096,0.198193625,0.945768924,0.274609543,0.004076058,0.008826851,0.000816024,0.335742277,0.239815912,0.011994047,0.000560763,0.21949253,0.399151231,0.202095715,0.213639396,0.031590666,0.02713578,1.000560763,0.333466059,65
0.194938709,0.093518941,0.51742672,0.184197716,0.00132455,0.00849468,0.000397623,0.290058472,0.172423934,0.024048465,0.000255047,0.166433764,0.292330605,0.133126356,0.237644488,0.045091518,0.019643625,1.000255047,0.257732212,45
0.496727549,0.032907154,0.184931507,0.097488584,0,0.003559361,0,0.202739726,0.090258752,0.013607306,0.000223973,0.105631659,0.105479452,0.096575342,0.168721461,0.018850837,0.008949772,1,0.143150685,65
0.18088195,0.017756779,0.088085456,0.03935908,0,0.001516023,0.000607231,0.115173925,0.032675979,0.00566968,2.78E-05,0.082580115,0.155546426,0.028594906,0.192960833,0.02219118,0.003727746,1,0.048863325,55
0.238719437,0.008775658,0.066544254,0.0274845,0.000250079,0.000916329,0.000216915,0.092978905,0.022695575,0.004549344,4.82E-05,0.083611025,0.198367561,0.021271549,0.213846099,0.011397588,0.003017642,1.000048158,0.029691874,35
0.215703015,0.017483596,0.128995518,0.071957844,0.000626931,0.001775358,8.37E-05,0.186090032,0.062067903,0.008366662,7.76E-05,0.072725167,0.148945916,0.064682485,0.12802926,0.011572367,0.006328994,1.000077613,0.107624152,45
0.393709739,0.021924972,0.160856385,0.084766957,0,0.001918151,0.000256158,0.214247821,0.05729443,0.007101175,0.000171618,0.15983327,0.247517999,0.028029557,0.326222054,0.020102311,0.003626753,1,0.102197802,45
0.445435244,0.206440198,0.478202406,0.232837933,0,0.004383581,0.000520241,0.408634112,0.310686483,0.054918613,0.000429016,0.189101203,0.155130927,0.232484076,0.2502477,0.069823071,0.028803963,1,0.3492569,55
0.16362162,0.01081165,0.079745357,0.043783409,8.93E-05,0.001383749,2.98E-05,0.129756579,0.037555597,0.009020892,1.47E-05,0.067751051,0.110632791,0.03277465,0.142044451,0.014483334,0.004040739,1.000014745,0.047033614,55
0.268356318,0.021017518,0.126649273,0.071300783,0.000501677,0.003008945,0,0.228214685,0.056727544,0.014554603,8.28E-05,0.159224748,0.319977637,0.039731644,0.359411107,0.026161014,0.004245248,1,0.064256429,45
0.275425675,0.122149033,0.49557301,0.212848447,0.007128223,0.006678482,0.000297322,0.224762808,0.203188154,0.02124191,0.000269629,0.215424525,0.709602159,0.143723686,0.289164758,0.062255219,0.027038086,1.000269629,0.233671744,65
0.275385681,0.022673789,0.126591166,0.075127865,0.000606583,0.001817966,8.09E-05,0.192844819,0.072704386,0.016779032,4.17E-05,0.103425553,0.220180243,0.043480074,0.211626786,0.026872111,0.004889726,1.000041698,0.088492642,55
0.166003976,0.093969516,0.428098078,0.214910537,0.000928429,0.003864811,0,0.357455268,0.23499006,0.042644135,0.000612856,0.198807157,0.920477137,0.141683234,0.352882704,0.065367793,0.018634858,1,0.326507621,45
0.341239909,0.023494134,0.119293732,0.078189126,0.001289856,0.001020603,0.000236655,0.23017333,0.083019463,0.016653754,3.55E-05,0.099536098,0.19470931,0.065131636,0.231264051,0.028832435,0.007784633,1.000035495,0.109695386,45
0.156577593,0.106635441,0.475426509,0.231368812,0.007328645,0.007324578,6.31E-05,0.213230213,0.233890321,0.033084642,0.002328736,0.267808688,0.757672871,0.254021726,0.318889586,0.058604756,0.04437043,1.000063119,0.262725,55
0.304472843,0.120207668,0.434345048,0.196086262,0,0.003994409,0.002742812,0.248642173,0.116693291,0.010031949,7.07E-05,0.138738019,0.490495208,0.150878594,0.263338658,0.031134185,0.024153355,1,0.274680511,45
0.39864712,0.024178501,0.146667517,0.077074982,0.001165646,0.011646843,0.000233225,0.12223896,0.051117236,0.005609912,0.000224377,0.070871668,0.152918919,0.0479723,0.104350332,0.012098868,0.007097746,1.000224377,0.094511586,45
0.172500131,0.167229638,0.573677646,0.263400631,0.004883577,0.009530291,0.001676017,0.288326962,0.279088098,0.041550085,0.000153526,0.441481284,1.000153526,0.198418555,0.501130862,0.09710108,0.036515215,0.565740904,0.338117618,65
0.321707757,0.028015634,0.144016837,0.093024654,0,0.002112147,4.23E-05,0.265904991,0.104239327,0.016280818,4.36E-05,0.119633193,0.170264582,0.082952495,0.202224895,0.021620565,0.00675887,1,0.151142514,65
0.218879463,0.133227673,0.478342827,0.229519437,0.002862913,0.006517744,0.001528356,0.283023306,0.234155426,0.037832707,0.000157548,0.324595204,0.853477907,0.14257565,0.488678802,0.067655034,0.043494693,1.000157548,0.356135127,65
0.135120728,0.104237249,0.350071503,0.135296953,0.001667091,0.034526936,0.000518983,0.34244976,0.20089681,0.037390597,0.004784516,0.10864288,0.385228445,0.15291948,0.205743005,0.063264873,0.019997163,1.000518983,0.242353806,55
0.124222216,0.089383054,0.523336657,0.162582755,0.003313841,0.004415957,0.000221098,0.175769191,0.16348183,0.017929057,0.000455906,0.178691185,0.590392678,0.134411734,0.267325009,0.030598524,0.023301031,1.000221098,0.264253169,55
0.036645869,0.092197925,0.430946615,0.182128868,0.001422696,0.002106532,0.000147684,0.251789034,0.18250303,0.016480737,0.000113085,0.130758623,0.165907844,0.264334466,0.082161579,0.014055286,0.035919554,1.000113085,0.23880341,65
0.358444054,0.082458127,0.386300329,0.161495307,0.000518473,0.002418209,0.000484264,0.43299402,0.152654161,0.017753377,7.14E-05,0.146523115,0.108626142,0.134438734,0.228448107,0.025852577,0.011991082,1.000071351,0.244797563,55
0.69480101,0.059589327,0.365704554,0.25155128,0.002775251,0.003466947,0.00037041,0.369939424,0.185957849,0.031676828,0.000420005,0.239505427,0.572272104,0.084678579,0.454448609,0.06466176,0.014398558,1.00037041,0.260397453,65
0.405300603,0.030376509,0.150564265,0.063613963,0.000292153,0.005157555,0.000272912,0.211541671,0.084257648,0.031980882,0.000208961,0.162344629,0.456965911,0.050425566,0.464875584,0.062099345,0.006395054,1.000208961,0.107425696,65
0.283657957,0.033092637,0.133634204,0.07695962,0,0.00407696,0.000435487,0.197814727,0.097957245,0.024394299,8.98E-05,0.085653207,0.111733967,0.077339667,0.156342043,0.031444181,0.006256532,1,0.151638955,55
0.291555184,0.175919732,0.616973244,0.30367893,0,0.002948997,0.002067726,0.355936455,0.211622074,0.019205686,0.000284197,0.317558528,0.437876254,0.09958194,0.537458194,0.048419732,0.031454849,1,0.38687291,55
0.431149733,0.01279746,0.132887701,0.044852941,0.000469251,0.003203877,0,0.175367647,0.025360963,0.002091243,0.000116176,0.094552139,0.119518717,0.017506684,0.231350267,0.005895722,0.002063837,1,0.042112299,55
0.233028248,0.052271015,0.266236555,0.101157064,0.00141456,0.005184344,0.000188774,0.229821437,0.120718609,0.022786172,0.000168643,0.235736222,0.271403083,0.131657397,0.405127092,0.049634304,0.014202609,1.000168643,0.144235221,45
0.421903837,0.02704711,0.209616319,0.102428363,0.00188441,0.002259835,0,0.311801846,0.097134531,0.010393395,8.30E-05,0.114375911,0.15186984,0.069354055,0.21704711,0.015298689,0.005016999,1,0.168091306,65
0.142854563,0.020048555,0.130263933,0.055856926,0.000198591,0.001455243,6.62E-05,0.202035691,0.048416226,0.00811932,1.64E-05,0.073149666,0.067827498,0.054048423,0.104221481,0.01031536,0.005509908,1.000016388,0.077266165,25
0.272515858,0.020346891,0.139713876,0.095830543,0.001177542,0.000980625,7.86E-05,0.227300545,0.097090524,0.029566351,6.48E-05,0.091114615,0.206960854,0.075850847,0.18287722,0.029130757,0.00591111,1.000064799,0.138489895,65
0.227963839,0.021662253,0.14189078,0.056493222,0.000441209,0.004849387,0.000235537,0.168484191,0.035979321,0.003619264,9.71E-05,0.106693618,0.12020364,0.022622176,0.176163572,0.012507436,0.003484163,1.00009713,0.074767304,45
0.313730823,0.061720969,0.351914135,0.116119111,0.001293002,0.003876914,0.000431419,0.303949619,0.100531951,0.002613203,8.89E-05,0.158173059,0.100113504,0.083794061,0.213565014,0.011800212,0.009697515,1.00008892,0.176009373,45
0.375624462,0.023617571,0.158268734,0.101507321,0,0.002256675,0,0.257795004,0.08535745,0.013656331,8.94E-05,0.105943152,0.133807063,0.082428941,0.198449612,0.017054264,0.009659776,1,0.14707149,65
0.421772761,0.036792803,0.143957582,0.069322626,0.000731265,0.002678464,0.000828986,0.202589964,0.074569372,0.009339207,0.000160878,0.129791369,0.251843788,0.059032446,0.283586599,0.023243083,0.007666807,1.000160878,0.091555711,35
0.433016422,0.025190147,0.1519879,0.05721694,0,0.001872083,0,0.240838375,0.07247191,0.021374244,0.000170052,0.095635264,0.378133103,0.04900605,0.38772688,0.036331029,0.005579084,1,0.099135696,55
0.158529915,0.038358974,0.226735043,0.130153846,0,0.001324444,4.42E-05,0.323076923,0.140683761,0.013726496,7.29E-05,0.08974359,0.093128205,0.114290598,0.114188034,0.011182906,0.022389744,1,0.188991453,25
0.683891051,0.059159533,0.27307393,0.151206226,0,0.003125292,0.000139144,0.494863813,0.172607004,0.024848249,0.000172062,0.177120623,0.471828794,0.107470817,0.493618677,0.045766537,0.011050584,1,0.204824903,45
0.20950541,0.043686244,0.36862442,0.12511592,0,0.004448223,0.000114992,0.231993818,0.091344668,0.005734158,0.000237017,0.090185471,0.179211747,0.086476043,0.09698609,0.013554869,0.01263524,1,0.210510046,55
0.351400509,0.027991997,0.136704256,0.076136777,0,0.002542379,5.82E-05,0.271662423,0.085667515,0.018275737,0.000275955,0.143797745,0.192942888,0.055656602,0.220989451,0.027242634,0.004281557,1,0.121826119,25
0.272840888,0.249927551,0.797993374,0.285423356,0.006979959,0.014820823,0.000582237,0.429923069,0.369792116,0.045839918,0.000239994,0.359991036,0.757729476,0.270589289,0.384493737,0.058409142,0.046647845,1.000239994,0.477868895,45
0.266128574,0.160775453,0.689230765,0.313947233,0.004935629,0.002466125,0.000576358,0.35517604,0.275590924,0.048993003,0.000305499,0.418539987,0.942855521,0.221689327,0.407472417,0.075470684,0.031732664,1.000305499,0.428086821,55
0.780752533,0.084515195,0.352098408,0.138060781,0,0.001773517,0.000568379,0.720622287,0.210709117,0.041201158,0.00023437,0.250072359,0.595296671,0.1,0.657959479,0.081620839,0.013089725,1,0.25397974,55
0.3170573,0.04122656,0.163812938,0.10258808,0.001035903,0.005348064,0.000552846,0.131560558,0.069861936,0.018895886,0.000370447,0.146684556,0.584187186,0.059202251,0.268132079,0.035003855,0.013547822,1.000370447,0.12281415,55
0.190449438,0.035095836,0.238202247,0.143754131,0.000338401,0.002367812,0,0.364507601,0.177561137,0.020095836,0.000195539,0.100396563,0.131625909,0.124983477,0.125875744,0.020624587,0.011262393,1,0.222604098,55
0.576826196,0.034005038,0.191813602,0.098299748,0,0.002245592,0.000138413,0.322355164,0.120403023,0.02336272,0.000228275,0.154093199,0.314609572,0.082115869,0.385012594,0.045761965,0.008073048,1,0.144836272,55
0.084663587,0.06483303,0.318823791,0.144462234,0.000922766,0.005841112,0.000123158,0.165704874,0.118614975,0.014317294,0.000279285,0.122237275,0.303782037,0.144216654,0.079260835,0.030758852,0.015097009,1.000123158,0.19388514,65
0.156446188,0.048671525,0.225392377,0.131950673,0,0.003600336,0.000115359,0.155661435,0.092544843,0.013363229,0.000665919,0.204204036,0.865470852,0.064742152,0.373654709,0.042578475,0.010241031,1,0.189517937,55
0.17606584,0.201842922,0.517588903,0.223990739,0.003399411,0.00169831,0.00090713,0.282058965,0.324772613,0.049795365,0.000374093,0.20240127,1.000374093,0.139400967,0.360506906,0.083147372,0.027033365,0.649731341,0.390192425,25
0.285869197,0.017133175,0.136428329,0.066113182,0,0.003108438,0,0.230091494,0.067265334,0.012971874,9.98E-05,0.101931549,0.246187733,0.053981701,0.221280922,0.017085734,0.006197899,1,0.108336157,55
0.14226516,0.118734748,0.554913522,0.181891529,0.001725082,0.00560327,0.000690683,0.20376182,0.165434676,0.009433819,0.000403409,0.163774555,0.35310054,0.142048623,0.146379373,0.022483814,0.021992996,1.000403409,0.261505163,65
0.422081888,0.048655241,0.209878056,0.099868836,0.001884344,0.001255454,8.38E-05,0.291233712,0.107962537,0.016499057,0.000138244,0.210715335,0.251137328,0.078797302,0.324817922,0.037421741,0.00892633,1.000083821,0.176852032,35
0.22210755,0.082346551,0.409179794,0.206029332,0.005380228,0.000551331,0,0.263172189,0.190820206,0.039456817,0.000364367,0.288049973,1,0.161759913,0.505268876,0.054535578,0.019141771,0.725692558,0.296523628,65
